,Unnamed: 0,first,second,third,fourth,fifth,sixth,seventh,eighth,nine,ten,spinrate,Norm_spinrate,Norm_spinrate_minus,pred
0,0,C:\Users\Ricky\PycharmProjects\server\file/uploded_video_ball_line/output/\100.png,C:\Users\Ricky\PycharmProjects\server\file/uploded_video_ball_line/output/\101.png,C:\Users\Ricky\PycharmProjects\server\file/uploded_video_ball_line/output/\102.png,C:\Users\Ricky\PycharmProjects\server\file/uploded_video_ball_line/output/\103.png,C:\Users\Ricky\PycharmProjects\server\file/uploded_video_ball_line/output/\104.png,C:\Users\Ricky\PycharmProjects\server\file/uploded_video_ball_line/output/\105.png,C:\Users\Ricky\PycharmProjects\server\file/uploded_video_ball_line/output/\106.png,C:\Users\Ricky\PycharmProjects\server\file/uploded_video_ball_line/output/\107.png,C:\Users\Ricky\PycharmProjects\server\file/uploded_video_ball_line/output/\108.png,C:\Users\Ricky\PycharmProjects\server\file/uploded_video_ball_line/output/\109.png,,,,2448.7037420272827
1,1,C:\Users\Ricky\PycharmProjects\server\file/uploded_video_ball_line/output/\101.png,C:\Users\Ricky\PycharmProjects\server\file/uploded_video_ball_line/output/\102.png,C:\Users\Ricky\PycharmProjects\server\file/uploded_video_ball_line/output/\103.png,C:\Users\Ricky\PycharmProjects\server\file/uploded_video_ball_line/output/\104.png,C:\Users\Ricky\PycharmProjects\server\file/uploded_video_ball_line/output/\105.png,C:\Users\Ricky\PycharmProjects\server\file/uploded_video_ball_line/output/\106.png,C:\Users\Ricky\PycharmProjects\server\file/uploded_video_ball_line/output/\107.png,C:\Users\Ricky\PycharmProjects\server\file/uploded_video_ball_line/output/\108.png,C:\Users\Ricky\PycharmProjects\server\file/uploded_video_ball_line/output/\109.png,C:\Users\Ricky\PycharmProjects\server\file/uploded_video_ball_line/output/\110.png,,,,2212.042284011841
2,2,C:\Users\Ricky\PycharmProjects\server\file/uploded_video_ball_line/output/\102.png,C:\Users\Ricky\PycharmProjects\server\file/uploded_video_ball_line/output/\103.png,C:\Users\Ricky\PycharmProjects\server\file/uploded_video_ball_line/output/\104.png,C:\Users\Ricky\PycharmProjects\server\file/uploded_video_ball_line/output/\105.png,C:\Users\Ricky\PycharmProjects\server\file/uploded_video_ball_line/output/\106.png,C:\Users\Ricky\PycharmProjects\server\file/uploded_video_ball_line/output/\107.png,C:\Users\Ricky\PycharmProjects\server\file/uploded_video_ball_line/output/\108.png,C:\Users\Ricky\PycharmProjects\server\file/uploded_video_ball_line/output/\109.png,C:\Users\Ricky\PycharmProjects\server\file/uploded_video_ball_line/output/\110.png,C:\Users\Ricky\PycharmProjects\server\file/uploded_video_ball_line/output/\111.png,,,,1341.9367015361786
3,3,C:\Users\Ricky\PycharmProjects\server\file/uploded_video_ball_line/output/\103.png,C:\Users\Ricky\PycharmProjects\server\file/uploded_video_ball_line/output/\104.png,C:\Users\Ricky\PycharmProjects\server\file/uploded_video_ball_line/output/\105.png,C:\Users\Ricky\PycharmProjects\server\file/uploded_video_ball_line/output/\106.png,C:\Users\Ricky\PycharmProjects\server\file/uploded_video_ball_line/output/\107.png,C:\Users\Ricky\PycharmProjects\server\file/uploded_video_ball_line/output/\108.png,C:\Users\Ricky\PycharmProjects\server\file/uploded_video_ball_line/output/\109.png,C:\Users\Ricky\PycharmProjects\server\file/uploded_video_ball_line/output/\110.png,C:\Users\Ricky\PycharmProjects\server\file/uploded_video_ball_line/output/\111.png,C:\Users\Ricky\PycharmProjects\server\file/uploded_video_ball_line/output/\112.png,,,,1260.6001675128937
4,4,C:\Users\Ricky\PycharmProjects\server\file/uploded_video_ball_line/output/\104.png,C:\Users\Ricky\PycharmProjects\server\file/uploded_video_ball_line/output/\105.png,C:\Users\Ricky\PycharmProjects\server\file/uploded_video_ball_line/output/\106.png,C:\Users\Ricky\PycharmProjects\server\file/uploded_video_ball_line/output/\107.png,C:\Users\Ricky\PycharmProjects\server\file/uploded_video_ball_line/output/\108.png,C:\Users\Ricky\PycharmProjects\server\file/uploded_video_ball_line/output/\109.png,C:\Users\Ricky\PycharmProjects\server\file/uploded_video_ball_line/output/\110.png,C:\Users\Ricky\PycharmProjects\server\file/uploded_video_ball_line/output/\111.png,C:\Users\Ricky\PycharmProjects\server\file/uploded_video_ball_line/output/\112.png,C:\Users\Ricky\PycharmProjects\server\file/uploded_video_ball_line/output/\113.png,,,,1825.053209066391
5,5,C:\Users\Ricky\PycharmProjects\server\file/uploded_video_ball_line/output/\115.png,C:\Users\Ricky\PycharmProjects\server\file/uploded_video_ball_line/output/\116.png,C:\Users\Ricky\PycharmProjects\server\file/uploded_video_ball_line/output/\117.png,C:\Users\Ricky\PycharmProjects\server\file/uploded_video_ball_line/output/\118.png,C:\Users\Ricky\PycharmProjects\server\file/uploded_video_ball_line/output/\119.png,C:\Users\Ricky\PycharmProjects\server\file/uploded_video_ball_line/output/\120.png,C:\Users\Ricky\PycharmProjects\server\file/uploded_video_ball_line/output/\121.png,C:\Users\Ricky\PycharmProjects\server\file/uploded_video_ball_line/output/\122.png,C:\Users\Ricky\PycharmProjects\server\file/uploded_video_ball_line/output/\123.png,C:\Users\Ricky\PycharmProjects\server\file/uploded_video_ball_line/output/\124.png,,,,2091.670250892639
6,6,C:\Users\Ricky\PycharmProjects\server\file/uploded_video_ball_line/output/\116.png,C:\Users\Ricky\PycharmProjects\server\file/uploded_video_ball_line/output/\117.png,C:\Users\Ricky\PycharmProjects\server\file/uploded_video_ball_line/output/\118.png,C:\Users\Ricky\PycharmProjects\server\file/uploded_video_ball_line/output/\119.png,C:\Users\Ricky\PycharmProjects\server\file/uploded_video_ball_line/output/\120.png,C:\Users\Ricky\PycharmProjects\server\file/uploded_video_ball_line/output/\121.png,C:\Users\Ricky\PycharmProjects\server\file/uploded_video_ball_line/output/\122.png,C:\Users\Ricky\PycharmProjects\server\file/uploded_video_ball_line/output/\123.png,C:\Users\Ricky\PycharmProjects\server\file/uploded_video_ball_line/output/\124.png,C:\Users\Ricky\PycharmProjects\server\file/uploded_video_ball_line/output/\125.png,,,,1657.5856924057007
7,7,C:\Users\Ricky\PycharmProjects\server\file/uploded_video_ball_line/output/\117.png,C:\Users\Ricky\PycharmProjects\server\file/uploded_video_ball_line/output/\118.png,C:\Users\Ricky\PycharmProjects\server\file/uploded_video_ball_line/output/\119.png,C:\Users\Ricky\PycharmProjects\server\file/uploded_video_ball_line/output/\120.png,C:\Users\Ricky\PycharmProjects\server\file/uploded_video_ball_line/output/\121.png,C:\Users\Ricky\PycharmProjects\server\file/uploded_video_ball_line/output/\122.png,C:\Users\Ricky\PycharmProjects\server\file/uploded_video_ball_line/output/\123.png,C:\Users\Ricky\PycharmProjects\server\file/uploded_video_ball_line/output/\124.png,C:\Users\Ricky\PycharmProjects\server\file/uploded_video_ball_line/output/\125.png,C:\Users\Ricky\PycharmProjects\server\file/uploded_video_ball_line/output/\126.png,,,,1483.8723123073578
8,8,C:\Users\Ricky\PycharmProjects\server\file/uploded_video_ball_line/output/\118.png,C:\Users\Ricky\PycharmProjects\server\file/uploded_video_ball_line/output/\119.png,C:\Users\Ricky\PycharmProjects\server\file/uploded_video_ball_line/output/\120.png,C:\Users\Ricky\PycharmProjects\server\file/uploded_video_ball_line/output/\121.png,C:\Users\Ricky\PycharmProjects\server\file/uploded_video_ball_line/output/\122.png,C:\Users\Ricky\PycharmProjects\server\file/uploded_video_ball_line/output/\123.png,C:\Users\Ricky\PycharmProjects\server\file/uploded_video_ball_line/output/\124.png,C:\Users\Ricky\PycharmProjects\server\file/uploded_video_ball_line/output/\125.png,C:\Users\Ricky\PycharmProjects\server\file/uploded_video_ball_line/output/\126.png,C:\Users\Ricky\PycharmProjects\server\file/uploded_video_ball_line/output/\127.png,,,,1493.058180809021
9,9,C:\Users\Ricky\PycharmProjects\server\file/uploded_video_ball_line/output/\119.png,C:\Users\Ricky\PycharmProjects\server\file/uploded_video_ball_line/output/\120.png,C:\Users\Ricky\PycharmProjects\server\file/uploded_video_ball_line/output/\121.png,C:\Users\Ricky\PycharmProjects\server\file/uploded_video_ball_line/output/\122.png,C:\Users\Ricky\PycharmProjects\server\file/uploded_video_ball_line/output/\123.png,C:\Users\Ricky\PycharmProjects\server\file/uploded_video_ball_line/output/\124.png,C:\Users\Ricky\PycharmProjects\server\file/uploded_video_ball_line/output/\125.png,C:\Users\Ricky\PycharmProjects\server\file/uploded_video_ball_line/output/\126.png,C:\Users\Ricky\PycharmProjects\server\file/uploded_video_ball_line/output/\127.png,C:\Users\Ricky\PycharmProjects\server\file/uploded_video_ball_line/output/\128.png,,,,2298.405694961548
10,10,C:\Users\Ricky\PycharmProjects\server\file/uploded_video_ball_line/output/\120.png,C:\Users\Ricky\PycharmProjects\server\file/uploded_video_ball_line/output/\121.png,C:\Users\Ricky\PycharmProjects\server\file/uploded_video_ball_line/output/\122.png,C:\Users\Ricky\PycharmProjects\server\file/uploded_video_ball_line/output/\123.png,C:\Users\Ricky\PycharmProjects\server\file/uploded_video_ball_line/output/\124.png,C:\Users\Ricky\PycharmProjects\server\file/uploded_video_ball_line/output/\125.png,C:\Users\Ricky\PycharmProjects\server\file/uploded_video_ball_line/output/\126.png,C:\Users\Ricky\PycharmProjects\server\file/uploded_video_ball_line/output/\127.png,C:\Users\Ricky\PycharmProjects\server\file/uploded_video_ball_line/output/\128.png,C:\Users\Ricky\PycharmProjects\server\file/uploded_video_ball_line/output/\129.png,,,,2585.2383613586426
11,11,C:\Users\Ricky\PycharmProjects\server\file/uploded_video_ball_line/output/\121.png,C:\Users\Ricky\PycharmProjects\server\file/uploded_video_ball_line/output/\122.png,C:\Users\Ricky\PycharmProjects\server\file/uploded_video_ball_line/output/\123.png,C:\Users\Ricky\PycharmProjects\server\file/uploded_video_ball_line/output/\124.png,C:\Users\Ricky\PycharmProjects\server\file/uploded_video_ball_line/output/\125.png,C:\Users\Ricky\PycharmProjects\server\file/uploded_video_ball_line/output/\126.png,C:\Users\Ricky\PycharmProjects\server\file/uploded_video_ball_line/output/\127.png,C:\Users\Ricky\PycharmProjects\server\file/uploded_video_ball_line/output/\128.png,C:\Users\Ricky\PycharmProjects\server\file/uploded_video_ball_line/output/\129.png,C:\Users\Ricky\PycharmProjects\server\file/uploded_video_ball_line/output/\130.png,,,,2642.563247680664
12,12,C:\Users\Ricky\PycharmProjects\server\file/uploded_video_ball_line/output/\122.png,C:\Users\Ricky\PycharmProjects\server\file/uploded_video_ball_line/output/\123.png,C:\Users\Ricky\PycharmProjects\server\file/uploded_video_ball_line/output/\124.png,C:\Users\Ricky\PycharmProjects\server\file/uploded_video_ball_line/output/\125.png,C:\Users\Ricky\PycharmProjects\server\file/uploded_video_ball_line/output/\126.png,C:\Users\Ricky\PycharmProjects\server\file/uploded_video_ball_line/output/\127.png,C:\Users\Ricky\PycharmProjects\server\file/uploded_video_ball_line/output/\128.png,C:\Users\Ricky\PycharmProjects\server\file/uploded_video_ball_line/output/\129.png,C:\Users\Ricky\PycharmProjects\server\file/uploded_video_ball_line/output/\130.png,C:\Users\Ricky\PycharmProjects\server\file/uploded_video_ball_line/output/\131.png,,,,1716.905003786087
13,13,C:\Users\Ricky\PycharmProjects\server\file/uploded_video_ball_line/output/\123.png,C:\Users\Ricky\PycharmProjects\server\file/uploded_video_ball_line/output/\124.png,C:\Users\Ricky\PycharmProjects\server\file/uploded_video_ball_line/output/\125.png,C:\Users\Ricky\PycharmProjects\server\file/uploded_video_ball_line/output/\126.png,C:\Users\Ricky\PycharmProjects\server\file/uploded_video_ball_line/output/\127.png,C:\Users\Ricky\PycharmProjects\server\file/uploded_video_ball_line/output/\128.png,C:\Users\Ricky\PycharmProjects\server\file/uploded_video_ball_line/output/\129.png,C:\Users\Ricky\PycharmProjects\server\file/uploded_video_ball_line/output/\130.png,C:\Users\Ricky\PycharmProjects\server\file/uploded_video_ball_line/output/\131.png,C:\Users\Ricky\PycharmProjects\server\file/uploded_video_ball_line/output/\132.png,,,,2465.1002645492554
14,14,C:\Users\Ricky\PycharmProjects\server\file/uploded_video_ball_line/output/\124.png,C:\Users\Ricky\PycharmProjects\server\file/uploded_video_ball_line/output/\125.png,C:\Users\Ricky\PycharmProjects\server\file/uploded_video_ball_line/output/\126.png,C:\Users\Ricky\PycharmProjects\server\file/uploded_video_ball_line/output/\127.png,C:\Users\Ricky\PycharmProjects\server\file/uploded_video_ball_line/output/\128.png,C:\Users\Ricky\PycharmProjects\server\file/uploded_video_ball_line/output/\129.png,C:\Users\Ricky\PycharmProjects\server\file/uploded_video_ball_line/output/\130.png,C:\Users\Ricky\PycharmProjects\server\file/uploded_video_ball_line/output/\131.png,C:\Users\Ricky\PycharmProjects\server\file/uploded_video_ball_line/output/\132.png,C:\Users\Ricky\PycharmProjects\server\file/uploded_video_ball_line/output/\133.png,,,,1748.3710765838623
15,15,C:\Users\Ricky\PycharmProjects\server\file/uploded_video_ball_line/output/\125.png,C:\Users\Ricky\PycharmProjects\server\file/uploded_video_ball_line/output/\126.png,C:\Users\Ricky\PycharmProjects\server\file/uploded_video_ball_line/output/\127.png,C:\Users\Ricky\PycharmProjects\server\file/uploded_video_ball_line/output/\128.png,C:\Users\Ricky\PycharmProjects\server\file/uploded_video_ball_line/output/\129.png,C:\Users\Ricky\PycharmProjects\server\file/uploded_video_ball_line/output/\130.png,C:\Users\Ricky\PycharmProjects\server\file/uploded_video_ball_line/output/\131.png,C:\Users\Ricky\PycharmProjects\server\file/uploded_video_ball_line/output/\132.png,C:\Users\Ricky\PycharmProjects\server\file/uploded_video_ball_line/output/\133.png,C:\Users\Ricky\PycharmProjects\server\file/uploded_video_ball_line/output/\134.png,,,,1796.7517018318176
16,16,C:\Users\Ricky\PycharmProjects\server\file/uploded_video_ball_line/output/\136.png,C:\Users\Ricky\PycharmProjects\server\file/uploded_video_ball_line/output/\137.png,C:\Users\Ricky\PycharmProjects\server\file/uploded_video_ball_line/output/\138.png,C:\Users\Ricky\PycharmProjects\server\file/uploded_video_ball_line/output/\139.png,C:\Users\Ricky\PycharmProjects\server\file/uploded_video_ball_line/output/\140.png,C:\Users\Ricky\PycharmProjects\server\file/uploded_video_ball_line/output/\141.png,C:\Users\Ricky\PycharmProjects\server\file/uploded_video_ball_line/output/\142.png,C:\Users\Ricky\PycharmProjects\server\file/uploded_video_ball_line/output/\143.png,C:\Users\Ricky\PycharmProjects\server\file/uploded_video_ball_line/output/\144.png,C:\Users\Ricky\PycharmProjects\server\file/uploded_video_ball_line/output/\145.png,,,,1676.1109828948975
17,17,C:\Users\Ricky\PycharmProjects\server\file/uploded_video_ball_line/output/\137.png,C:\Users\Ricky\PycharmProjects\server\file/uploded_video_ball_line/output/\138.png,C:\Users\Ricky\PycharmProjects\server\file/uploded_video_ball_line/output/\139.png,C:\Users\Ricky\PycharmProjects\server\file/uploded_video_ball_line/output/\140.png,C:\Users\Ricky\PycharmProjects\server\file/uploded_video_ball_line/output/\141.png,C:\Users\Ricky\PycharmProjects\server\file/uploded_video_ball_line/output/\142.png,C:\Users\Ricky\PycharmProjects\server\file/uploded_video_ball_line/output/\143.png,C:\Users\Ricky\PycharmProjects\server\file/uploded_video_ball_line/output/\144.png,C:\Users\Ricky\PycharmProjects\server\file/uploded_video_ball_line/output/\145.png,C:\Users\Ricky\PycharmProjects\server\file/uploded_video_ball_line/output/\146.png,,,,2143.3767318725586
18,18,C:\Users\Ricky\PycharmProjects\server\file/uploded_video_ball_line/output/\138.png,C:\Users\Ricky\PycharmProjects\server\file/uploded_video_ball_line/output/\139.png,C:\Users\Ricky\PycharmProjects\server\file/uploded_video_ball_line/output/\140.png,C:\Users\Ricky\PycharmProjects\server\file/uploded_video_ball_line/output/\141.png,C:\Users\Ricky\PycharmProjects\server\file/uploded_video_ball_line/output/\142.png,C:\Users\Ricky\PycharmProjects\server\file/uploded_video_ball_line/output/\143.png,C:\Users\Ricky\PycharmProjects\server\file/uploded_video_ball_line/output/\144.png,C:\Users\Ricky\PycharmProjects\server\file/uploded_video_ball_line/output/\145.png,C:\Users\Ricky\PycharmProjects\server\file/uploded_video_ball_line/output/\146.png,C:\Users\Ricky\PycharmProjects\server\file/uploded_video_ball_line/output/\147.png,,,,1541.9393956661224
19,19,C:\Users\Ricky\PycharmProjects\server\file/uploded_video_ball_line/output/\139.png,C:\Users\Ricky\PycharmProjects\server\file/uploded_video_ball_line/output/\140.png,C:\Users\Ricky\PycharmProjects\server\file/uploded_video_ball_line/output/\141.png,C:\Users\Ricky\PycharmProjects\server\file/uploded_video_ball_line/output/\142.png,C:\Users\Ricky\PycharmProjects\server\file/uploded_video_ball_line/output/\143.png,C:\Users\Ricky\PycharmProjects\server\file/uploded_video_ball_line/output/\144.png,C:\Users\Ricky\PycharmProjects\server\file/uploded_video_ball_line/output/\145.png,C:\Users\Ricky\PycharmProjects\server\file/uploded_video_ball_line/output/\146.png,C:\Users\Ricky\PycharmProjects\server\file/uploded_video_ball_line/output/\147.png,C:\Users\Ricky\PycharmProjects\server\file/uploded_video_ball_line/output/\148.png,,,,2130.70627450943
20,20,C:\Users\Ricky\PycharmProjects\server\file/uploded_video_ball_line/output/\140.png,C:\Users\Ricky\PycharmProjects\server\file/uploded_video_ball_line/output/\141.png,C:\Users\Ricky\PycharmProjects\server\file/uploded_video_ball_line/output/\142.png,C:\Users\Ricky\PycharmProjects\server\file/uploded_video_ball_line/output/\143.png,C:\Users\Ricky\PycharmProjects\server\file/uploded_video_ball_line/output/\144.png,C:\Users\Ricky\PycharmProjects\server\file/uploded_video_ball_line/output/\145.png,C:\Users\Ricky\PycharmProjects\server\file/uploded_video_ball_line/output/\146.png,C:\Users\Ricky\PycharmProjects\server\file/uploded_video_ball_line/output/\147.png,C:\Users\Ricky\PycharmProjects\server\file/uploded_video_ball_line/output/\148.png,C:\Users\Ricky\PycharmProjects\server\file/uploded_video_ball_line/output/\149.png,,,,1484.7159385681152
21,21,C:\Users\Ricky\PycharmProjects\server\file/uploded_video_ball_line/output/\141.png,C:\Users\Ricky\PycharmProjects\server\file/uploded_video_ball_line/output/\142.png,C:\Users\Ricky\PycharmProjects\server\file/uploded_video_ball_line/output/\143.png,C:\Users\Ricky\PycharmProjects\server\file/uploded_video_ball_line/output/\144.png,C:\Users\Ricky\PycharmProjects\server\file/uploded_video_ball_line/output/\145.png,C:\Users\Ricky\PycharmProjects\server\file/uploded_video_ball_line/output/\146.png,C:\Users\Ricky\PycharmProjects\server\file/uploded_video_ball_line/output/\147.png,C:\Users\Ricky\PycharmProjects\server\file/uploded_video_ball_line/output/\148.png,C:\Users\Ricky\PycharmProjects\server\file/uploded_video_ball_line/output/\149.png,C:\Users\Ricky\PycharmProjects\server\file/uploded_video_ball_line/output/\150.png,,,,1893.3116674423218
22,22,C:\Users\Ricky\PycharmProjects\server\file/uploded_video_ball_line/output/\142.png,C:\Users\Ricky\PycharmProjects\server\file/uploded_video_ball_line/output/\143.png,C:\Users\Ricky\PycharmProjects\server\file/uploded_video_ball_line/output/\144.png,C:\Users\Ricky\PycharmProjects\server\file/uploded_video_ball_line/output/\145.png,C:\Users\Ricky\PycharmProjects\server\file/uploded_video_ball_line/output/\146.png,C:\Users\Ricky\PycharmProjects\server\file/uploded_video_ball_line/output/\147.png,C:\Users\Ricky\PycharmProjects\server\file/uploded_video_ball_line/output/\148.png,C:\Users\Ricky\PycharmProjects\server\file/uploded_video_ball_line/output/\149.png,C:\Users\Ricky\PycharmProjects\server\file/uploded_video_ball_line/output/\150.png,C:\Users\Ricky\PycharmProjects\server\file/uploded_video_ball_line/output/\151.png,,,,1294.875967502594
23,23,C:\Users\Ricky\PycharmProjects\server\file/uploded_video_ball_line/output/\143.png,C:\Users\Ricky\PycharmProjects\server\file/uploded_video_ball_line/output/\144.png,C:\Users\Ricky\PycharmProjects\server\file/uploded_video_ball_line/output/\145.png,C:\Users\Ricky\PycharmProjects\server\file/uploded_video_ball_line/output/\146.png,C:\Users\Ricky\PycharmProjects\server\file/uploded_video_ball_line/output/\147.png,C:\Users\Ricky\PycharmProjects\server\file/uploded_video_ball_line/output/\148.png,C:\Users\Ricky\PycharmProjects\server\file/uploded_video_ball_line/output/\149.png,C:\Users\Ricky\PycharmProjects\server\file/uploded_video_ball_line/output/\150.png,C:\Users\Ricky\PycharmProjects\server\file/uploded_video_ball_line/output/\151.png,C:\Users\Ricky\PycharmProjects\server\file/uploded_video_ball_line/output/\152.png,,,,1268.9632594585419
24,24,C:\Users\Ricky\PycharmProjects\server\file/uploded_video_ball_line/output/\144.png,C:\Users\Ricky\PycharmProjects\server\file/uploded_video_ball_line/output/\145.png,C:\Users\Ricky\PycharmProjects\server\file/uploded_video_ball_line/output/\146.png,C:\Users\Ricky\PycharmProjects\server\file/uploded_video_ball_line/output/\147.png,C:\Users\Ricky\PycharmProjects\server\file/uploded_video_ball_line/output/\148.png,C:\Users\Ricky\PycharmProjects\server\file/uploded_video_ball_line/output/\149.png,C:\Users\Ricky\PycharmProjects\server\file/uploded_video_ball_line/output/\150.png,C:\Users\Ricky\PycharmProjects\server\file/uploded_video_ball_line/output/\151.png,C:\Users\Ricky\PycharmProjects\server\file/uploded_video_ball_line/output/\152.png,C:\Users\Ricky\PycharmProjects\server\file/uploded_video_ball_line/output/\153.png,,,,1306.003874540329
25,25,C:\Users\Ricky\PycharmProjects\server\file/uploded_video_ball_line/output/\145.png,C:\Users\Ricky\PycharmProjects\server\file/uploded_video_ball_line/output/\146.png,C:\Users\Ricky\PycharmProjects\server\file/uploded_video_ball_line/output/\147.png,C:\Users\Ricky\PycharmProjects\server\file/uploded_video_ball_line/output/\148.png,C:\Users\Ricky\PycharmProjects\server\file/uploded_video_ball_line/output/\149.png,C:\Users\Ricky\PycharmProjects\server\file/uploded_video_ball_line/output/\150.png,C:\Users\Ricky\PycharmProjects\server\file/uploded_video_ball_line/output/\151.png,C:\Users\Ricky\PycharmProjects\server\file/uploded_video_ball_line/output/\152.png,C:\Users\Ricky\PycharmProjects\server\file/uploded_video_ball_line/output/\153.png,C:\Users\Ricky\PycharmProjects\server\file/uploded_video_ball_line/output/\154.png,,,,1649.9214589595795
26,26,C:\Users\Ricky\PycharmProjects\server\file/uploded_video_ball_line/output/\146.png,C:\Users\Ricky\PycharmProjects\server\file/uploded_video_ball_line/output/\147.png,C:\Users\Ricky\PycharmProjects\server\file/uploded_video_ball_line/output/\148.png,C:\Users\Ricky\PycharmProjects\server\file/uploded_video_ball_line/output/\149.png,C:\Users\Ricky\PycharmProjects\server\file/uploded_video_ball_line/output/\150.png,C:\Users\Ricky\PycharmProjects\server\file/uploded_video_ball_line/output/\151.png,C:\Users\Ricky\PycharmProjects\server\file/uploded_video_ball_line/output/\152.png,C:\Users\Ricky\PycharmProjects\server\file/uploded_video_ball_line/output/\153.png,C:\Users\Ricky\PycharmProjects\server\file/uploded_video_ball_line/output/\154.png,C:\Users\Ricky\PycharmProjects\server\file/uploded_video_ball_line/output/\155.png,,,,2351.7311096191406
27,27,C:\Users\Ricky\PycharmProjects\server\file/uploded_video_ball_line/output/\177.png,C:\Users\Ricky\PycharmProjects\server\file/uploded_video_ball_line/output/\178.png,C:\Users\Ricky\PycharmProjects\server\file/uploded_video_ball_line/output/\179.png,C:\Users\Ricky\PycharmProjects\server\file/uploded_video_ball_line/output/\180.png,C:\Users\Ricky\PycharmProjects\server\file/uploded_video_ball_line/output/\181.png,C:\Users\Ricky\PycharmProjects\server\file/uploded_video_ball_line/output/\182.png,C:\Users\Ricky\PycharmProjects\server\file/uploded_video_ball_line/output/\183.png,C:\Users\Ricky\PycharmProjects\server\file/uploded_video_ball_line/output/\184.png,C:\Users\Ricky\PycharmProjects\server\file/uploded_video_ball_line/output/\185.png,C:\Users\Ricky\PycharmProjects\server\file/uploded_video_ball_line/output/\186.png,,,,1854.9878776073456
28,28,C:\Users\Ricky\PycharmProjects\server\file/uploded_video_ball_line/output/\178.png,C:\Users\Ricky\PycharmProjects\server\file/uploded_video_ball_line/output/\179.png,C:\Users\Ricky\PycharmProjects\server\file/uploded_video_ball_line/output/\180.png,C:\Users\Ricky\PycharmProjects\server\file/uploded_video_ball_line/output/\181.png,C:\Users\Ricky\PycharmProjects\server\file/uploded_video_ball_line/output/\182.png,C:\Users\Ricky\PycharmProjects\server\file/uploded_video_ball_line/output/\183.png,C:\Users\Ricky\PycharmProjects\server\file/uploded_video_ball_line/output/\184.png,C:\Users\Ricky\PycharmProjects\server\file/uploded_video_ball_line/output/\185.png,C:\Users\Ricky\PycharmProjects\server\file/uploded_video_ball_line/output/\186.png,C:\Users\Ricky\PycharmProjects\server\file/uploded_video_ball_line/output/\187.png,,,,1980.9695959091187
29,29,C:\Users\Ricky\PycharmProjects\server\file/uploded_video_ball_line/output/\179.png,C:\Users\Ricky\PycharmProjects\server\file/uploded_video_ball_line/output/\180.png,C:\Users\Ricky\PycharmProjects\server\file/uploded_video_ball_line/output/\181.png,C:\Users\Ricky\PycharmProjects\server\file/uploded_video_ball_line/output/\182.png,C:\Users\Ricky\PycharmProjects\server\file/uploded_video_ball_line/output/\183.png,C:\Users\Ricky\PycharmProjects\server\file/uploded_video_ball_line/output/\184.png,C:\Users\Ricky\PycharmProjects\server\file/uploded_video_ball_line/output/\185.png,C:\Users\Ricky\PycharmProjects\server\file/uploded_video_ball_line/output/\186.png,C:\Users\Ricky\PycharmProjects\server\file/uploded_video_ball_line/output/\187.png,C:\Users\Ricky\PycharmProjects\server\file/uploded_video_ball_line/output/\188.png,,,,2361.0147356987
30,30,C:\Users\Ricky\PycharmProjects\server\file/uploded_video_ball_line/output/\180.png,C:\Users\Ricky\PycharmProjects\server\file/uploded_video_ball_line/output/\181.png,C:\Users\Ricky\PycharmProjects\server\file/uploded_video_ball_line/output/\182.png,C:\Users\Ricky\PycharmProjects\server\file/uploded_video_ball_line/output/\183.png,C:\Users\Ricky\PycharmProjects\server\file/uploded_video_ball_line/output/\184.png,C:\Users\Ricky\PycharmProjects\server\file/uploded_video_ball_line/output/\185.png,C:\Users\Ricky\PycharmProjects\server\file/uploded_video_ball_line/output/\186.png,C:\Users\Ricky\PycharmProjects\server\file/uploded_video_ball_line/output/\187.png,C:\Users\Ricky\PycharmProjects\server\file/uploded_video_ball_line/output/\188.png,C:\Users\Ricky\PycharmProjects\server\file/uploded_video_ball_line/output/\189.png,,,,1419.6141123771667
31,31,C:\Users\Ricky\PycharmProjects\server\file/uploded_video_ball_line/output/\181.png,C:\Users\Ricky\PycharmProjects\server\file/uploded_video_ball_line/output/\182.png,C:\Users\Ricky\PycharmProjects\server\file/uploded_video_ball_line/output/\183.png,C:\Users\Ricky\PycharmProjects\server\file/uploded_video_ball_line/output/\184.png,C:\Users\Ricky\PycharmProjects\server\file/uploded_video_ball_line/output/\185.png,C:\Users\Ricky\PycharmProjects\server\file/uploded_video_ball_line/output/\186.png,C:\Users\Ricky\PycharmProjects\server\file/uploded_video_ball_line/output/\187.png,C:\Users\Ricky\PycharmProjects\server\file/uploded_video_ball_line/output/\188.png,C:\Users\Ricky\PycharmProjects\server\file/uploded_video_ball_line/output/\189.png,C:\Users\Ricky\PycharmProjects\server\file/uploded_video_ball_line/output/\190.png,,,,1455.7711064815521
32,32,C:\Users\Ricky\PycharmProjects\server\file/uploded_video_ball_line/output/\182.png,C:\Users\Ricky\PycharmProjects\server\file/uploded_video_ball_line/output/\183.png,C:\Users\Ricky\PycharmProjects\server\file/uploded_video_ball_line/output/\184.png,C:\Users\Ricky\PycharmProjects\server\file/uploded_video_ball_line/output/\185.png,C:\Users\Ricky\PycharmProjects\server\file/uploded_video_ball_line/output/\186.png,C:\Users\Ricky\PycharmProjects\server\file/uploded_video_ball_line/output/\187.png,C:\Users\Ricky\PycharmProjects\server\file/uploded_video_ball_line/output/\188.png,C:\Users\Ricky\PycharmProjects\server\file/uploded_video_ball_line/output/\189.png,C:\Users\Ricky\PycharmProjects\server\file/uploded_video_ball_line/output/\190.png,C:\Users\Ricky\PycharmProjects\server\file/uploded_video_ball_line/output/\191.png,,,,1264.1136050224304
33,33,C:\Users\Ricky\PycharmProjects\server\file/uploded_video_ball_line/output/\183.png,C:\Users\Ricky\PycharmProjects\server\file/uploded_video_ball_line/output/\184.png,C:\Users\Ricky\PycharmProjects\server\file/uploded_video_ball_line/output/\185.png,C:\Users\Ricky\PycharmProjects\server\file/uploded_video_ball_line/output/\186.png,C:\Users\Ricky\PycharmProjects\server\file/uploded_video_ball_line/output/\187.png,C:\Users\Ricky\PycharmProjects\server\file/uploded_video_ball_line/output/\188.png,C:\Users\Ricky\PycharmProjects\server\file/uploded_video_ball_line/output/\189.png,C:\Users\Ricky\PycharmProjects\server\file/uploded_video_ball_line/output/\190.png,C:\Users\Ricky\PycharmProjects\server\file/uploded_video_ball_line/output/\191.png,C:\Users\Ricky\PycharmProjects\server\file/uploded_video_ball_line/output/\192.png,,,,2548.903226852417
34,34,C:\Users\Ricky\PycharmProjects\server\file/uploded_video_ball_line/output/\195.png,C:\Users\Ricky\PycharmProjects\server\file/uploded_video_ball_line/output/\196.png,C:\Users\Ricky\PycharmProjects\server\file/uploded_video_ball_line/output/\197.png,C:\Users\Ricky\PycharmProjects\server\file/uploded_video_ball_line/output/\198.png,C:\Users\Ricky\PycharmProjects\server\file/uploded_video_ball_line/output/\199.png,C:\Users\Ricky\PycharmProjects\server\file/uploded_video_ball_line/output/\200.png,C:\Users\Ricky\PycharmProjects\server\file/uploded_video_ball_line/output/\201.png,C:\Users\Ricky\PycharmProjects\server\file/uploded_video_ball_line/output/\202.png,C:\Users\Ricky\PycharmProjects\server\file/uploded_video_ball_line/output/\203.png,C:\Users\Ricky\PycharmProjects\server\file/uploded_video_ball_line/output/\204.png,,,,1853.9265096187592
35,35,C:\Users\Ricky\PycharmProjects\server\file/uploded_video_ball_line/output/\196.png,C:\Users\Ricky\PycharmProjects\server\file/uploded_video_ball_line/output/\197.png,C:\Users\Ricky\PycharmProjects\server\file/uploded_video_ball_line/output/\198.png,C:\Users\Ricky\PycharmProjects\server\file/uploded_video_ball_line/output/\199.png,C:\Users\Ricky\PycharmProjects\server\file/uploded_video_ball_line/output/\200.png,C:\Users\Ricky\PycharmProjects\server\file/uploded_video_ball_line/output/\201.png,C:\Users\Ricky\PycharmProjects\server\file/uploded_video_ball_line/output/\202.png,C:\Users\Ricky\PycharmProjects\server\file/uploded_video_ball_line/output/\203.png,C:\Users\Ricky\PycharmProjects\server\file/uploded_video_ball_line/output/\204.png,C:\Users\Ricky\PycharmProjects\server\file/uploded_video_ball_line/output/\205.png,,,,1135.406033694744
36,36,C:\Users\Ricky\PycharmProjects\server\file/uploded_video_ball_line/output/\197.png,C:\Users\Ricky\PycharmProjects\server\file/uploded_video_ball_line/output/\198.png,C:\Users\Ricky\PycharmProjects\server\file/uploded_video_ball_line/output/\199.png,C:\Users\Ricky\PycharmProjects\server\file/uploded_video_ball_line/output/\200.png,C:\Users\Ricky\PycharmProjects\server\file/uploded_video_ball_line/output/\201.png,C:\Users\Ricky\PycharmProjects\server\file/uploded_video_ball_line/output/\202.png,C:\Users\Ricky\PycharmProjects\server\file/uploded_video_ball_line/output/\203.png,C:\Users\Ricky\PycharmProjects\server\file/uploded_video_ball_line/output/\204.png,C:\Users\Ricky\PycharmProjects\server\file/uploded_video_ball_line/output/\205.png,C:\Users\Ricky\PycharmProjects\server\file/uploded_video_ball_line/output/\206.png,,,,1255.3420424461365
37,37,C:\Users\Ricky\PycharmProjects\server\file/uploded_video_ball_line/output/\198.png,C:\Users\Ricky\PycharmProjects\server\file/uploded_video_ball_line/output/\199.png,C:\Users\Ricky\PycharmProjects\server\file/uploded_video_ball_line/output/\200.png,C:\Users\Ricky\PycharmProjects\server\file/uploded_video_ball_line/output/\201.png,C:\Users\Ricky\PycharmProjects\server\file/uploded_video_ball_line/output/\202.png,C:\Users\Ricky\PycharmProjects\server\file/uploded_video_ball_line/output/\203.png,C:\Users\Ricky\PycharmProjects\server\file/uploded_video_ball_line/output/\204.png,C:\Users\Ricky\PycharmProjects\server\file/uploded_video_ball_line/output/\205.png,C:\Users\Ricky\PycharmProjects\server\file/uploded_video_ball_line/output/\206.png,C:\Users\Ricky\PycharmProjects\server\file/uploded_video_ball_line/output/\207.png,,,,1333.7623715400696
38,38,C:\Users\Ricky\PycharmProjects\server\file/uploded_video_ball_line/output/\199.png,C:\Users\Ricky\PycharmProjects\server\file/uploded_video_ball_line/output/\200.png,C:\Users\Ricky\PycharmProjects\server\file/uploded_video_ball_line/output/\201.png,C:\Users\Ricky\PycharmProjects\server\file/uploded_video_ball_line/output/\202.png,C:\Users\Ricky\PycharmProjects\server\file/uploded_video_ball_line/output/\203.png,C:\Users\Ricky\PycharmProjects\server\file/uploded_video_ball_line/output/\204.png,C:\Users\Ricky\PycharmProjects\server\file/uploded_video_ball_line/output/\205.png,C:\Users\Ricky\PycharmProjects\server\file/uploded_video_ball_line/output/\206.png,C:\Users\Ricky\PycharmProjects\server\file/uploded_video_ball_line/output/\207.png,C:\Users\Ricky\PycharmProjects\server\file/uploded_video_ball_line/output/\208.png,,,,1653.3493340015411
39,39,C:\Users\Ricky\PycharmProjects\server\file/uploded_video_ball_line/output/\200.png,C:\Users\Ricky\PycharmProjects\server\file/uploded_video_ball_line/output/\201.png,C:\Users\Ricky\PycharmProjects\server\file/uploded_video_ball_line/output/\202.png,C:\Users\Ricky\PycharmProjects\server\file/uploded_video_ball_line/output/\203.png,C:\Users\Ricky\PycharmProjects\server\file/uploded_video_ball_line/output/\204.png,C:\Users\Ricky\PycharmProjects\server\file/uploded_video_ball_line/output/\205.png,C:\Users\Ricky\PycharmProjects\server\file/uploded_video_ball_line/output/\206.png,C:\Users\Ricky\PycharmProjects\server\file/uploded_video_ball_line/output/\207.png,C:\Users\Ricky\PycharmProjects\server\file/uploded_video_ball_line/output/\208.png,C:\Users\Ricky\PycharmProjects\server\file/uploded_video_ball_line/output/\209.png,,,,1652.2139430046082
40,40,C:\Users\Ricky\PycharmProjects\server\file/uploded_video_ball_line/output/\201.png,C:\Users\Ricky\PycharmProjects\server\file/uploded_video_ball_line/output/\202.png,C:\Users\Ricky\PycharmProjects\server\file/uploded_video_ball_line/output/\203.png,C:\Users\Ricky\PycharmProjects\server\file/uploded_video_ball_line/output/\204.png,C:\Users\Ricky\PycharmProjects\server\file/uploded_video_ball_line/output/\205.png,C:\Users\Ricky\PycharmProjects\server\file/uploded_video_ball_line/output/\206.png,C:\Users\Ricky\PycharmProjects\server\file/uploded_video_ball_line/output/\207.png,C:\Users\Ricky\PycharmProjects\server\file/uploded_video_ball_line/output/\208.png,C:\Users\Ricky\PycharmProjects\server\file/uploded_video_ball_line/output/\209.png,C:\Users\Ricky\PycharmProjects\server\file/uploded_video_ball_line/output/\210.png,,,,1413.8323187828064
41,41,C:\Users\Ricky\PycharmProjects\server\file/uploded_video_ball_line/output/\202.png,C:\Users\Ricky\PycharmProjects\server\file/uploded_video_ball_line/output/\203.png,C:\Users\Ricky\PycharmProjects\server\file/uploded_video_ball_line/output/\204.png,C:\Users\Ricky\PycharmProjects\server\file/uploded_video_ball_line/output/\205.png,C:\Users\Ricky\PycharmProjects\server\file/uploded_video_ball_line/output/\206.png,C:\Users\Ricky\PycharmProjects\server\file/uploded_video_ball_line/output/\207.png,C:\Users\Ricky\PycharmProjects\server\file/uploded_video_ball_line/output/\208.png,C:\Users\Ricky\PycharmProjects\server\file/uploded_video_ball_line/output/\209.png,C:\Users\Ricky\PycharmProjects\server\file/uploded_video_ball_line/output/\210.png,C:\Users\Ricky\PycharmProjects\server\file/uploded_video_ball_line/output/\211.png,,,,1800.91233253479
42,42,C:\Users\Ricky\PycharmProjects\server\file/uploded_video_ball_line/output/\203.png,C:\Users\Ricky\PycharmProjects\server\file/uploded_video_ball_line/output/\204.png,C:\Users\Ricky\PycharmProjects\server\file/uploded_video_ball_line/output/\205.png,C:\Users\Ricky\PycharmProjects\server\file/uploded_video_ball_line/output/\206.png,C:\Users\Ricky\PycharmProjects\server\file/uploded_video_ball_line/output/\207.png,C:\Users\Ricky\PycharmProjects\server\file/uploded_video_ball_line/output/\208.png,C:\Users\Ricky\PycharmProjects\server\file/uploded_video_ball_line/output/\209.png,C:\Users\Ricky\PycharmProjects\server\file/uploded_video_ball_line/output/\210.png,C:\Users\Ricky\PycharmProjects\server\file/uploded_video_ball_line/output/\211.png,C:\Users\Ricky\PycharmProjects\server\file/uploded_video_ball_line/output/\212.png,,,,2241.9803619384766
43,43,C:\Users\Ricky\PycharmProjects\server\file/uploded_video_ball_line/output/\204.png,C:\Users\Ricky\PycharmProjects\server\file/uploded_video_ball_line/output/\205.png,C:\Users\Ricky\PycharmProjects\server\file/uploded_video_ball_line/output/\206.png,C:\Users\Ricky\PycharmProjects\server\file/uploded_video_ball_line/output/\207.png,C:\Users\Ricky\PycharmProjects\server\file/uploded_video_ball_line/output/\208.png,C:\Users\Ricky\PycharmProjects\server\file/uploded_video_ball_line/output/\209.png,C:\Users\Ricky\PycharmProjects\server\file/uploded_video_ball_line/output/\210.png,C:\Users\Ricky\PycharmProjects\server\file/uploded_video_ball_line/output/\211.png,C:\Users\Ricky\PycharmProjects\server\file/uploded_video_ball_line/output/\212.png,C:\Users\Ricky\PycharmProjects\server\file/uploded_video_ball_line/output/\213.png,,,,1913.694679737091
44,44,C:\Users\Ricky\PycharmProjects\server\file/uploded_video_ball_line/output/\205.png,C:\Users\Ricky\PycharmProjects\server\file/uploded_video_ball_line/output/\206.png,C:\Users\Ricky\PycharmProjects\server\file/uploded_video_ball_line/output/\207.png,C:\Users\Ricky\PycharmProjects\server\file/uploded_video_ball_line/output/\208.png,C:\Users\Ricky\PycharmProjects\server\file/uploded_video_ball_line/output/\209.png,C:\Users\Ricky\PycharmProjects\server\file/uploded_video_ball_line/output/\210.png,C:\Users\Ricky\PycharmProjects\server\file/uploded_video_ball_line/output/\211.png,C:\Users\Ricky\PycharmProjects\server\file/uploded_video_ball_line/output/\212.png,C:\Users\Ricky\PycharmProjects\server\file/uploded_video_ball_line/output/\213.png,C:\Users\Ricky\PycharmProjects\server\file/uploded_video_ball_line/output/\214.png,,,,1761.9891464710236
45,45,C:\Users\Ricky\PycharmProjects\server\file/uploded_video_ball_line/output/\206.png,C:\Users\Ricky\PycharmProjects\server\file/uploded_video_ball_line/output/\207.png,C:\Users\Ricky\PycharmProjects\server\file/uploded_video_ball_line/output/\208.png,C:\Users\Ricky\PycharmProjects\server\file/uploded_video_ball_line/output/\209.png,C:\Users\Ricky\PycharmProjects\server\file/uploded_video_ball_line/output/\210.png,C:\Users\Ricky\PycharmProjects\server\file/uploded_video_ball_line/output/\211.png,C:\Users\Ricky\PycharmProjects\server\file/uploded_video_ball_line/output/\212.png,C:\Users\Ricky\PycharmProjects\server\file/uploded_video_ball_line/output/\213.png,C:\Users\Ricky\PycharmProjects\server\file/uploded_video_ball_line/output/\214.png,C:\Users\Ricky\PycharmProjects\server\file/uploded_video_ball_line/output/\215.png,,,,2222.2068428993225
46,46,C:\Users\Ricky\PycharmProjects\server\file/uploded_video_ball_line/output/\207.png,C:\Users\Ricky\PycharmProjects\server\file/uploded_video_ball_line/output/\208.png,C:\Users\Ricky\PycharmProjects\server\file/uploded_video_ball_line/output/\209.png,C:\Users\Ricky\PycharmProjects\server\file/uploded_video_ball_line/output/\210.png,C:\Users\Ricky\PycharmProjects\server\file/uploded_video_ball_line/output/\211.png,C:\Users\Ricky\PycharmProjects\server\file/uploded_video_ball_line/output/\212.png,C:\Users\Ricky\PycharmProjects\server\file/uploded_video_ball_line/output/\213.png,C:\Users\Ricky\PycharmProjects\server\file/uploded_video_ball_line/output/\214.png,C:\Users\Ricky\PycharmProjects\server\file/uploded_video_ball_line/output/\215.png,C:\Users\Ricky\PycharmProjects\server\file/uploded_video_ball_line/output/\216.png,,,,2197.3785161972046
47,47,C:\Users\Ricky\PycharmProjects\server\file/uploded_video_ball_line/output/\208.png,C:\Users\Ricky\PycharmProjects\server\file/uploded_video_ball_line/output/\209.png,C:\Users\Ricky\PycharmProjects\server\file/uploded_video_ball_line/output/\210.png,C:\Users\Ricky\PycharmProjects\server\file/uploded_video_ball_line/output/\211.png,C:\Users\Ricky\PycharmProjects\server\file/uploded_video_ball_line/output/\212.png,C:\Users\Ricky\PycharmProjects\server\file/uploded_video_ball_line/output/\213.png,C:\Users\Ricky\PycharmProjects\server\file/uploded_video_ball_line/output/\214.png,C:\Users\Ricky\PycharmProjects\server\file/uploded_video_ball_line/output/\215.png,C:\Users\Ricky\PycharmProjects\server\file/uploded_video_ball_line/output/\216.png,C:\Users\Ricky\PycharmProjects\server\file/uploded_video_ball_line/output/\217.png,,,,2199.6419548988342
48,48,C:\Users\Ricky\PycharmProjects\server\file/uploded_video_ball_line/output/\209.png,C:\Users\Ricky\PycharmProjects\server\file/uploded_video_ball_line/output/\210.png,C:\Users\Ricky\PycharmProjects\server\file/uploded_video_ball_line/output/\211.png,C:\Users\Ricky\PycharmProjects\server\file/uploded_video_ball_line/output/\212.png,C:\Users\Ricky\PycharmProjects\server\file/uploded_video_ball_line/output/\213.png,C:\Users\Ricky\PycharmProjects\server\file/uploded_video_ball_line/output/\214.png,C:\Users\Ricky\PycharmProjects\server\file/uploded_video_ball_line/output/\215.png,C:\Users\Ricky\PycharmProjects\server\file/uploded_video_ball_line/output/\216.png,C:\Users\Ricky\PycharmProjects\server\file/uploded_video_ball_line/output/\217.png,C:\Users\Ricky\PycharmProjects\server\file/uploded_video_ball_line/output/\218.png,,,,1416.5627777576447
49,49,C:\Users\Ricky\PycharmProjects\server\file/uploded_video_ball_line/output/\210.png,C:\Users\Ricky\PycharmProjects\server\file/uploded_video_ball_line/output/\211.png,C:\Users\Ricky\PycharmProjects\server\file/uploded_video_ball_line/output/\212.png,C:\Users\Ricky\PycharmProjects\server\file/uploded_video_ball_line/output/\213.png,C:\Users\Ricky\PycharmProjects\server\file/uploded_video_ball_line/output/\214.png,C:\Users\Ricky\PycharmProjects\server\file/uploded_video_ball_line/output/\215.png,C:\Users\Ricky\PycharmProjects\server\file/uploded_video_ball_line/output/\216.png,C:\Users\Ricky\PycharmProjects\server\file/uploded_video_ball_line/output/\217.png,C:\Users\Ricky\PycharmProjects\server\file/uploded_video_ball_line/output/\218.png,C:\Users\Ricky\PycharmProjects\server\file/uploded_video_ball_line/output/\219.png,,,,1709.3559682369232
50,50,C:\Users\Ricky\PycharmProjects\server\file/uploded_video_ball_line/output/\211.png,C:\Users\Ricky\PycharmProjects\server\file/uploded_video_ball_line/output/\212.png,C:\Users\Ricky\PycharmProjects\server\file/uploded_video_ball_line/output/\213.png,C:\Users\Ricky\PycharmProjects\server\file/uploded_video_ball_line/output/\214.png,C:\Users\Ricky\PycharmProjects\server\file/uploded_video_ball_line/output/\215.png,C:\Users\Ricky\PycharmProjects\server\file/uploded_video_ball_line/output/\216.png,C:\Users\Ricky\PycharmProjects\server\file/uploded_video_ball_line/output/\217.png,C:\Users\Ricky\PycharmProjects\server\file/uploded_video_ball_line/output/\218.png,C:\Users\Ricky\PycharmProjects\server\file/uploded_video_ball_line/output/\219.png,C:\Users\Ricky\PycharmProjects\server\file/uploded_video_ball_line/output/\220.png,,,,1442.1639204025269
51,51,C:\Users\Ricky\PycharmProjects\server\file/uploded_video_ball_line/output/\212.png,C:\Users\Ricky\PycharmProjects\server\file/uploded_video_ball_line/output/\213.png,C:\Users\Ricky\PycharmProjects\server\file/uploded_video_ball_line/output/\214.png,C:\Users\Ricky\PycharmProjects\server\file/uploded_video_ball_line/output/\215.png,C:\Users\Ricky\PycharmProjects\server\file/uploded_video_ball_line/output/\216.png,C:\Users\Ricky\PycharmProjects\server\file/uploded_video_ball_line/output/\217.png,C:\Users\Ricky\PycharmProjects\server\file/uploded_video_ball_line/output/\218.png,C:\Users\Ricky\PycharmProjects\server\file/uploded_video_ball_line/output/\219.png,C:\Users\Ricky\PycharmProjects\server\file/uploded_video_ball_line/output/\220.png,C:\Users\Ricky\PycharmProjects\server\file/uploded_video_ball_line/output/\221.png,,,,2217.9936289787292
52,52,C:\Users\Ricky\PycharmProjects\server\file/uploded_video_ball_line/output/\213.png,C:\Users\Ricky\PycharmProjects\server\file/uploded_video_ball_line/output/\214.png,C:\Users\Ricky\PycharmProjects\server\file/uploded_video_ball_line/output/\215.png,C:\Users\Ricky\PycharmProjects\server\file/uploded_video_ball_line/output/\216.png,C:\Users\Ricky\PycharmProjects\server\file/uploded_video_ball_line/output/\217.png,C:\Users\Ricky\PycharmProjects\server\file/uploded_video_ball_line/output/\218.png,C:\Users\Ricky\PycharmProjects\server\file/uploded_video_ball_line/output/\219.png,C:\Users\Ricky\PycharmProjects\server\file/uploded_video_ball_line/output/\220.png,C:\Users\Ricky\PycharmProjects\server\file/uploded_video_ball_line/output/\221.png,C:\Users\Ricky\PycharmProjects\server\file/uploded_video_ball_line/output/\222.png,,,,1942.0923054218292
53,53,C:\Users\Ricky\PycharmProjects\server\file/uploded_video_ball_line/output/\214.png,C:\Users\Ricky\PycharmProjects\server\file/uploded_video_ball_line/output/\215.png,C:\Users\Ricky\PycharmProjects\server\file/uploded_video_ball_line/output/\216.png,C:\Users\Ricky\PycharmProjects\server\file/uploded_video_ball_line/output/\217.png,C:\Users\Ricky\PycharmProjects\server\file/uploded_video_ball_line/output/\218.png,C:\Users\Ricky\PycharmProjects\server\file/uploded_video_ball_line/output/\219.png,C:\Users\Ricky\PycharmProjects\server\file/uploded_video_ball_line/output/\220.png,C:\Users\Ricky\PycharmProjects\server\file/uploded_video_ball_line/output/\221.png,C:\Users\Ricky\PycharmProjects\server\file/uploded_video_ball_line/output/\222.png,C:\Users\Ricky\PycharmProjects\server\file/uploded_video_ball_line/output/\223.png,,,,1622.1137881278992
54,54,C:\Users\Ricky\PycharmProjects\server\file/uploded_video_ball_line/output/\215.png,C:\Users\Ricky\PycharmProjects\server\file/uploded_video_ball_line/output/\216.png,C:\Users\Ricky\PycharmProjects\server\file/uploded_video_ball_line/output/\217.png,C:\Users\Ricky\PycharmProjects\server\file/uploded_video_ball_line/output/\218.png,C:\Users\Ricky\PycharmProjects\server\file/uploded_video_ball_line/output/\219.png,C:\Users\Ricky\PycharmProjects\server\file/uploded_video_ball_line/output/\220.png,C:\Users\Ricky\PycharmProjects\server\file/uploded_video_ball_line/output/\221.png,C:\Users\Ricky\PycharmProjects\server\file/uploded_video_ball_line/output/\222.png,C:\Users\Ricky\PycharmProjects\server\file/uploded_video_ball_line/output/\223.png,C:\Users\Ricky\PycharmProjects\server\file/uploded_video_ball_line/output/\224.png,,,,1407.6459884643555
55,55,C:\Users\Ricky\PycharmProjects\server\file/uploded_video_ball_line/output/\216.png,C:\Users\Ricky\PycharmProjects\server\file/uploded_video_ball_line/output/\217.png,C:\Users\Ricky\PycharmProjects\server\file/uploded_video_ball_line/output/\218.png,C:\Users\Ricky\PycharmProjects\server\file/uploded_video_ball_line/output/\219.png,C:\Users\Ricky\PycharmProjects\server\file/uploded_video_ball_line/output/\220.png,C:\Users\Ricky\PycharmProjects\server\file/uploded_video_ball_line/output/\221.png,C:\Users\Ricky\PycharmProjects\server\file/uploded_video_ball_line/output/\222.png,C:\Users\Ricky\PycharmProjects\server\file/uploded_video_ball_line/output/\223.png,C:\Users\Ricky\PycharmProjects\server\file/uploded_video_ball_line/output/\224.png,C:\Users\Ricky\PycharmProjects\server\file/uploded_video_ball_line/output/\225.png,,,,2385.9376072883606
56,56,C:\Users\Ricky\PycharmProjects\server\file/uploded_video_ball_line/output/\217.png,C:\Users\Ricky\PycharmProjects\server\file/uploded_video_ball_line/output/\218.png,C:\Users\Ricky\PycharmProjects\server\file/uploded_video_ball_line/output/\219.png,C:\Users\Ricky\PycharmProjects\server\file/uploded_video_ball_line/output/\220.png,C:\Users\Ricky\PycharmProjects\server\file/uploded_video_ball_line/output/\221.png,C:\Users\Ricky\PycharmProjects\server\file/uploded_video_ball_line/output/\222.png,C:\Users\Ricky\PycharmProjects\server\file/uploded_video_ball_line/output/\223.png,C:\Users\Ricky\PycharmProjects\server\file/uploded_video_ball_line/output/\224.png,C:\Users\Ricky\PycharmProjects\server\file/uploded_video_ball_line/output/\225.png,C:\Users\Ricky\PycharmProjects\server\file/uploded_video_ball_line/output/\226.png,,,,1364.8184657096863
57,57,C:\Users\Ricky\PycharmProjects\server\file/uploded_video_ball_line/output/\218.png,C:\Users\Ricky\PycharmProjects\server\file/uploded_video_ball_line/output/\219.png,C:\Users\Ricky\PycharmProjects\server\file/uploded_video_ball_line/output/\220.png,C:\Users\Ricky\PycharmProjects\server\file/uploded_video_ball_line/output/\221.png,C:\Users\Ricky\PycharmProjects\server\file/uploded_video_ball_line/output/\222.png,C:\Users\Ricky\PycharmProjects\server\file/uploded_video_ball_line/output/\223.png,C:\Users\Ricky\PycharmProjects\server\file/uploded_video_ball_line/output/\224.png,C:\Users\Ricky\PycharmProjects\server\file/uploded_video_ball_line/output/\225.png,C:\Users\Ricky\PycharmProjects\server\file/uploded_video_ball_line/output/\226.png,C:\Users\Ricky\PycharmProjects\server\file/uploded_video_ball_line/output/\227.png,,,,1789.9257183074951
58,58,C:\Users\Ricky\PycharmProjects\server\file/uploded_video_ball_line/output/\219.png,C:\Users\Ricky\PycharmProjects\server\file/uploded_video_ball_line/output/\220.png,C:\Users\Ricky\PycharmProjects\server\file/uploded_video_ball_line/output/\221.png,C:\Users\Ricky\PycharmProjects\server\file/uploded_video_ball_line/output/\222.png,C:\Users\Ricky\PycharmProjects\server\file/uploded_video_ball_line/output/\223.png,C:\Users\Ricky\PycharmProjects\server\file/uploded_video_ball_line/output/\224.png,C:\Users\Ricky\PycharmProjects\server\file/uploded_video_ball_line/output/\225.png,C:\Users\Ricky\PycharmProjects\server\file/uploded_video_ball_line/output/\226.png,C:\Users\Ricky\PycharmProjects\server\file/uploded_video_ball_line/output/\227.png,C:\Users\Ricky\PycharmProjects\server\file/uploded_video_ball_line/output/\228.png,,,,1472.6786434650421
59,59,C:\Users\Ricky\PycharmProjects\server\file/uploded_video_ball_line/output/\220.png,C:\Users\Ricky\PycharmProjects\server\file/uploded_video_ball_line/output/\221.png,C:\Users\Ricky\PycharmProjects\server\file/uploded_video_ball_line/output/\222.png,C:\Users\Ricky\PycharmProjects\server\file/uploded_video_ball_line/output/\223.png,C:\Users\Ricky\PycharmProjects\server\file/uploded_video_ball_line/output/\224.png,C:\Users\Ricky\PycharmProjects\server\file/uploded_video_ball_line/output/\225.png,C:\Users\Ricky\PycharmProjects\server\file/uploded_video_ball_line/output/\226.png,C:\Users\Ricky\PycharmProjects\server\file/uploded_video_ball_line/output/\227.png,C:\Users\Ricky\PycharmProjects\server\file/uploded_video_ball_line/output/\228.png,C:\Users\Ricky\PycharmProjects\server\file/uploded_video_ball_line/output/\229.png,,,,2168.6941742897034
60,60,C:\Users\Ricky\PycharmProjects\server\file/uploded_video_ball_line/output/\221.png,C:\Users\Ricky\PycharmProjects\server\file/uploded_video_ball_line/output/\222.png,C:\Users\Ricky\PycharmProjects\server\file/uploded_video_ball_line/output/\223.png,C:\Users\Ricky\PycharmProjects\server\file/uploded_video_ball_line/output/\224.png,C:\Users\Ricky\PycharmProjects\server\file/uploded_video_ball_line/output/\225.png,C:\Users\Ricky\PycharmProjects\server\file/uploded_video_ball_line/output/\226.png,C:\Users\Ricky\PycharmProjects\server\file/uploded_video_ball_line/output/\227.png,C:\Users\Ricky\PycharmProjects\server\file/uploded_video_ball_line/output/\228.png,C:\Users\Ricky\PycharmProjects\server\file/uploded_video_ball_line/output/\229.png,C:\Users\Ricky\PycharmProjects\server\file/uploded_video_ball_line/output/\230.png,,,,2269.275903701782
61,61,C:\Users\Ricky\PycharmProjects\server\file/uploded_video_ball_line/output/\222.png,C:\Users\Ricky\PycharmProjects\server\file/uploded_video_ball_line/output/\223.png,C:\Users\Ricky\PycharmProjects\server\file/uploded_video_ball_line/output/\224.png,C:\Users\Ricky\PycharmProjects\server\file/uploded_video_ball_line/output/\225.png,C:\Users\Ricky\PycharmProjects\server\file/uploded_video_ball_line/output/\226.png,C:\Users\Ricky\PycharmProjects\server\file/uploded_video_ball_line/output/\227.png,C:\Users\Ricky\PycharmProjects\server\file/uploded_video_ball_line/output/\228.png,C:\Users\Ricky\PycharmProjects\server\file/uploded_video_ball_line/output/\229.png,C:\Users\Ricky\PycharmProjects\server\file/uploded_video_ball_line/output/\230.png,C:\Users\Ricky\PycharmProjects\server\file/uploded_video_ball_line/output/\231.png,,,,1971.4548528194427
62,62,C:\Users\Ricky\PycharmProjects\server\file/uploded_video_ball_line/output/\223.png,C:\Users\Ricky\PycharmProjects\server\file/uploded_video_ball_line/output/\224.png,C:\Users\Ricky\PycharmProjects\server\file/uploded_video_ball_line/output/\225.png,C:\Users\Ricky\PycharmProjects\server\file/uploded_video_ball_line/output/\226.png,C:\Users\Ricky\PycharmProjects\server\file/uploded_video_ball_line/output/\227.png,C:\Users\Ricky\PycharmProjects\server\file/uploded_video_ball_line/output/\228.png,C:\Users\Ricky\PycharmProjects\server\file/uploded_video_ball_line/output/\229.png,C:\Users\Ricky\PycharmProjects\server\file/uploded_video_ball_line/output/\230.png,C:\Users\Ricky\PycharmProjects\server\file/uploded_video_ball_line/output/\231.png,C:\Users\Ricky\PycharmProjects\server\file/uploded_video_ball_line/output/\232.png,,,,2154.6067237854004
63,63,C:\Users\Ricky\PycharmProjects\server\file/uploded_video_ball_line/output/\224.png,C:\Users\Ricky\PycharmProjects\server\file/uploded_video_ball_line/output/\225.png,C:\Users\Ricky\PycharmProjects\server\file/uploded_video_ball_line/output/\226.png,C:\Users\Ricky\PycharmProjects\server\file/uploded_video_ball_line/output/\227.png,C:\Users\Ricky\PycharmProjects\server\file/uploded_video_ball_line/output/\228.png,C:\Users\Ricky\PycharmProjects\server\file/uploded_video_ball_line/output/\229.png,C:\Users\Ricky\PycharmProjects\server\file/uploded_video_ball_line/output/\230.png,C:\Users\Ricky\PycharmProjects\server\file/uploded_video_ball_line/output/\231.png,C:\Users\Ricky\PycharmProjects\server\file/uploded_video_ball_line/output/\232.png,C:\Users\Ricky\PycharmProjects\server\file/uploded_video_ball_line/output/\233.png,,,,1201.0838329792023
64,64,C:\Users\Ricky\PycharmProjects\server\file/uploded_video_ball_line/output/\225.png,C:\Users\Ricky\PycharmProjects\server\file/uploded_video_ball_line/output/\226.png,C:\Users\Ricky\PycharmProjects\server\file/uploded_video_ball_line/output/\227.png,C:\Users\Ricky\PycharmProjects\server\file/uploded_video_ball_line/output/\228.png,C:\Users\Ricky\PycharmProjects\server\file/uploded_video_ball_line/output/\229.png,C:\Users\Ricky\PycharmProjects\server\file/uploded_video_ball_line/output/\230.png,C:\Users\Ricky\PycharmProjects\server\file/uploded_video_ball_line/output/\231.png,C:\Users\Ricky\PycharmProjects\server\file/uploded_video_ball_line/output/\232.png,C:\Users\Ricky\PycharmProjects\server\file/uploded_video_ball_line/output/\233.png,C:\Users\Ricky\PycharmProjects\server\file/uploded_video_ball_line/output/\234.png,,,,1209.8443150520325
65,65,C:\Users\Ricky\PycharmProjects\server\file/uploded_video_ball_line/output/\226.png,C:\Users\Ricky\PycharmProjects\server\file/uploded_video_ball_line/output/\227.png,C:\Users\Ricky\PycharmProjects\server\file/uploded_video_ball_line/output/\228.png,C:\Users\Ricky\PycharmProjects\server\file/uploded_video_ball_line/output/\229.png,C:\Users\Ricky\PycharmProjects\server\file/uploded_video_ball_line/output/\230.png,C:\Users\Ricky\PycharmProjects\server\file/uploded_video_ball_line/output/\231.png,C:\Users\Ricky\PycharmProjects\server\file/uploded_video_ball_line/output/\232.png,C:\Users\Ricky\PycharmProjects\server\file/uploded_video_ball_line/output/\233.png,C:\Users\Ricky\PycharmProjects\server\file/uploded_video_ball_line/output/\234.png,C:\Users\Ricky\PycharmProjects\server\file/uploded_video_ball_line/output/\235.png,,,,1232.6629400253296
66,66,C:\Users\Ricky\PycharmProjects\server\file/uploded_video_ball_line/output/\300.png,C:\Users\Ricky\PycharmProjects\server\file/uploded_video_ball_line/output/\301.png,C:\Users\Ricky\PycharmProjects\server\file/uploded_video_ball_line/output/\302.png,C:\Users\Ricky\PycharmProjects\server\file/uploded_video_ball_line/output/\303.png,C:\Users\Ricky\PycharmProjects\server\file/uploded_video_ball_line/output/\304.png,C:\Users\Ricky\PycharmProjects\server\file/uploded_video_ball_line/output/\305.png,C:\Users\Ricky\PycharmProjects\server\file/uploded_video_ball_line/output/\306.png,C:\Users\Ricky\PycharmProjects\server\file/uploded_video_ball_line/output/\307.png,C:\Users\Ricky\PycharmProjects\server\file/uploded_video_ball_line/output/\308.png,C:\Users\Ricky\PycharmProjects\server\file/uploded_video_ball_line/output/\309.png,,,,1503.5669565200806
67,67,C:\Users\Ricky\PycharmProjects\server\file/uploded_video_ball_line/output/\301.png,C:\Users\Ricky\PycharmProjects\server\file/uploded_video_ball_line/output/\302.png,C:\Users\Ricky\PycharmProjects\server\file/uploded_video_ball_line/output/\303.png,C:\Users\Ricky\PycharmProjects\server\file/uploded_video_ball_line/output/\304.png,C:\Users\Ricky\PycharmProjects\server\file/uploded_video_ball_line/output/\305.png,C:\Users\Ricky\PycharmProjects\server\file/uploded_video_ball_line/output/\306.png,C:\Users\Ricky\PycharmProjects\server\file/uploded_video_ball_line/output/\307.png,C:\Users\Ricky\PycharmProjects\server\file/uploded_video_ball_line/output/\308.png,C:\Users\Ricky\PycharmProjects\server\file/uploded_video_ball_line/output/\309.png,C:\Users\Ricky\PycharmProjects\server\file/uploded_video_ball_line/output/\310.png,,,,1844.9626445770264
68,68,C:\Users\Ricky\PycharmProjects\server\file/uploded_video_ball_line/output/\452.png,C:\Users\Ricky\PycharmProjects\server\file/uploded_video_ball_line/output/\453.png,C:\Users\Ricky\PycharmProjects\server\file/uploded_video_ball_line/output/\454.png,C:\Users\Ricky\PycharmProjects\server\file/uploded_video_ball_line/output/\455.png,C:\Users\Ricky\PycharmProjects\server\file/uploded_video_ball_line/output/\456.png,C:\Users\Ricky\PycharmProjects\server\file/uploded_video_ball_line/output/\457.png,C:\Users\Ricky\PycharmProjects\server\file/uploded_video_ball_line/output/\458.png,C:\Users\Ricky\PycharmProjects\server\file/uploded_video_ball_line/output/\459.png,C:\Users\Ricky\PycharmProjects\server\file/uploded_video_ball_line/output/\460.png,C:\Users\Ricky\PycharmProjects\server\file/uploded_video_ball_line/output/\461.png,,,,2137.032914161682
69,69,C:\Users\Ricky\PycharmProjects\server\file/uploded_video_ball_line/output/\453.png,C:\Users\Ricky\PycharmProjects\server\file/uploded_video_ball_line/output/\454.png,C:\Users\Ricky\PycharmProjects\server\file/uploded_video_ball_line/output/\455.png,C:\Users\Ricky\PycharmProjects\server\file/uploded_video_ball_line/output/\456.png,C:\Users\Ricky\PycharmProjects\server\file/uploded_video_ball_line/output/\457.png,C:\Users\Ricky\PycharmProjects\server\file/uploded_video_ball_line/output/\458.png,C:\Users\Ricky\PycharmProjects\server\file/uploded_video_ball_line/output/\459.png,C:\Users\Ricky\PycharmProjects\server\file/uploded_video_ball_line/output/\460.png,C:\Users\Ricky\PycharmProjects\server\file/uploded_video_ball_line/output/\461.png,C:\Users\Ricky\PycharmProjects\server\file/uploded_video_ball_line/output/\462.png,,,,1712.6700222492218
70,70,C:\Users\Ricky\PycharmProjects\server\file/uploded_video_ball_line/output/\454.png,C:\Users\Ricky\PycharmProjects\server\file/uploded_video_ball_line/output/\455.png,C:\Users\Ricky\PycharmProjects\server\file/uploded_video_ball_line/output/\456.png,C:\Users\Ricky\PycharmProjects\server\file/uploded_video_ball_line/output/\457.png,C:\Users\Ricky\PycharmProjects\server\file/uploded_video_ball_line/output/\458.png,C:\Users\Ricky\PycharmProjects\server\file/uploded_video_ball_line/output/\459.png,C:\Users\Ricky\PycharmProjects\server\file/uploded_video_ball_line/output/\460.png,C:\Users\Ricky\PycharmProjects\server\file/uploded_video_ball_line/output/\461.png,C:\Users\Ricky\PycharmProjects\server\file/uploded_video_ball_line/output/\462.png,C:\Users\Ricky\PycharmProjects\server\file/uploded_video_ball_line/output/\463.png,,,,1963.2718682289124
71,71,C:\Users\Ricky\PycharmProjects\server\file/uploded_video_ball_line/output/\455.png,C:\Users\Ricky\PycharmProjects\server\file/uploded_video_ball_line/output/\456.png,C:\Users\Ricky\PycharmProjects\server\file/uploded_video_ball_line/output/\457.png,C:\Users\Ricky\PycharmProjects\server\file/uploded_video_ball_line/output/\458.png,C:\Users\Ricky\PycharmProjects\server\file/uploded_video_ball_line/output/\459.png,C:\Users\Ricky\PycharmProjects\server\file/uploded_video_ball_line/output/\460.png,C:\Users\Ricky\PycharmProjects\server\file/uploded_video_ball_line/output/\461.png,C:\Users\Ricky\PycharmProjects\server\file/uploded_video_ball_line/output/\462.png,C:\Users\Ricky\PycharmProjects\server\file/uploded_video_ball_line/output/\463.png,C:\Users\Ricky\PycharmProjects\server\file/uploded_video_ball_line/output/\464.png,,,,2310.4772806167603
72,72,C:\Users\Ricky\PycharmProjects\server\file/uploded_video_ball_line/output/\456.png,C:\Users\Ricky\PycharmProjects\server\file/uploded_video_ball_line/output/\457.png,C:\Users\Ricky\PycharmProjects\server\file/uploded_video_ball_line/output/\458.png,C:\Users\Ricky\PycharmProjects\server\file/uploded_video_ball_line/output/\459.png,C:\Users\Ricky\PycharmProjects\server\file/uploded_video_ball_line/output/\460.png,C:\Users\Ricky\PycharmProjects\server\file/uploded_video_ball_line/output/\461.png,C:\Users\Ricky\PycharmProjects\server\file/uploded_video_ball_line/output/\462.png,C:\Users\Ricky\PycharmProjects\server\file/uploded_video_ball_line/output/\463.png,C:\Users\Ricky\PycharmProjects\server\file/uploded_video_ball_line/output/\464.png,C:\Users\Ricky\PycharmProjects\server\file/uploded_video_ball_line/output/\465.png,,,,1983.2913875579834
73,73,C:\Users\Ricky\PycharmProjects\server\file/uploded_video_ball_line/output/\457.png,C:\Users\Ricky\PycharmProjects\server\file/uploded_video_ball_line/output/\458.png,C:\Users\Ricky\PycharmProjects\server\file/uploded_video_ball_line/output/\459.png,C:\Users\Ricky\PycharmProjects\server\file/uploded_video_ball_line/output/\460.png,C:\Users\Ricky\PycharmProjects\server\file/uploded_video_ball_line/output/\461.png,C:\Users\Ricky\PycharmProjects\server\file/uploded_video_ball_line/output/\462.png,C:\Users\Ricky\PycharmProjects\server\file/uploded_video_ball_line/output/\463.png,C:\Users\Ricky\PycharmProjects\server\file/uploded_video_ball_line/output/\464.png,C:\Users\Ricky\PycharmProjects\server\file/uploded_video_ball_line/output/\465.png,C:\Users\Ricky\PycharmProjects\server\file/uploded_video_ball_line/output/\466.png,,,,2255.1947474479675
74,74,C:\Users\Ricky\PycharmProjects\server\file/uploded_video_ball_line/output/\458.png,C:\Users\Ricky\PycharmProjects\server\file/uploded_video_ball_line/output/\459.png,C:\Users\Ricky\PycharmProjects\server\file/uploded_video_ball_line/output/\460.png,C:\Users\Ricky\PycharmProjects\server\file/uploded_video_ball_line/output/\461.png,C:\Users\Ricky\PycharmProjects\server\file/uploded_video_ball_line/output/\462.png,C:\Users\Ricky\PycharmProjects\server\file/uploded_video_ball_line/output/\463.png,C:\Users\Ricky\PycharmProjects\server\file/uploded_video_ball_line/output/\464.png,C:\Users\Ricky\PycharmProjects\server\file/uploded_video_ball_line/output/\465.png,C:\Users\Ricky\PycharmProjects\server\file/uploded_video_ball_line/output/\466.png,C:\Users\Ricky\PycharmProjects\server\file/uploded_video_ball_line/output/\467.png,,,,2330.3555727005005
75,75,C:\Users\Ricky\PycharmProjects\server\file/uploded_video_ball_line/output/\459.png,C:\Users\Ricky\PycharmProjects\server\file/uploded_video_ball_line/output/\460.png,C:\Users\Ricky\PycharmProjects\server\file/uploded_video_ball_line/output/\461.png,C:\Users\Ricky\PycharmProjects\server\file/uploded_video_ball_line/output/\462.png,C:\Users\Ricky\PycharmProjects\server\file/uploded_video_ball_line/output/\463.png,C:\Users\Ricky\PycharmProjects\server\file/uploded_video_ball_line/output/\464.png,C:\Users\Ricky\PycharmProjects\server\file/uploded_video_ball_line/output/\465.png,C:\Users\Ricky\PycharmProjects\server\file/uploded_video_ball_line/output/\466.png,C:\Users\Ricky\PycharmProjects\server\file/uploded_video_ball_line/output/\467.png,C:\Users\Ricky\PycharmProjects\server\file/uploded_video_ball_line/output/\468.png,,,,2125.552463531494
76,76,C:\Users\Ricky\PycharmProjects\server\file/uploded_video_ball_line/output/\460.png,C:\Users\Ricky\PycharmProjects\server\file/uploded_video_ball_line/output/\461.png,C:\Users\Ricky\PycharmProjects\server\file/uploded_video_ball_line/output/\462.png,C:\Users\Ricky\PycharmProjects\server\file/uploded_video_ball_line/output/\463.png,C:\Users\Ricky\PycharmProjects\server\file/uploded_video_ball_line/output/\464.png,C:\Users\Ricky\PycharmProjects\server\file/uploded_video_ball_line/output/\465.png,C:\Users\Ricky\PycharmProjects\server\file/uploded_video_ball_line/output/\466.png,C:\Users\Ricky\PycharmProjects\server\file/uploded_video_ball_line/output/\467.png,C:\Users\Ricky\PycharmProjects\server\file/uploded_video_ball_line/output/\468.png,C:\Users\Ricky\PycharmProjects\server\file/uploded_video_ball_line/output/\469.png,,,,2202.674078941345
77,77,C:\Users\Ricky\PycharmProjects\server\file/uploded_video_ball_line/output/\461.png,C:\Users\Ricky\PycharmProjects\server\file/uploded_video_ball_line/output/\462.png,C:\Users\Ricky\PycharmProjects\server\file/uploded_video_ball_line/output/\463.png,C:\Users\Ricky\PycharmProjects\server\file/uploded_video_ball_line/output/\464.png,C:\Users\Ricky\PycharmProjects\server\file/uploded_video_ball_line/output/\465.png,C:\Users\Ricky\PycharmProjects\server\file/uploded_video_ball_line/output/\466.png,C:\Users\Ricky\PycharmProjects\server\file/uploded_video_ball_line/output/\467.png,C:\Users\Ricky\PycharmProjects\server\file/uploded_video_ball_line/output/\468.png,C:\Users\Ricky\PycharmProjects\server\file/uploded_video_ball_line/output/\469.png,C:\Users\Ricky\PycharmProjects\server\file/uploded_video_ball_line/output/\470.png,,,,1296.6127216815948
78,78,C:\Users\Ricky\PycharmProjects\server\file/uploded_video_ball_line/output/\462.png,C:\Users\Ricky\PycharmProjects\server\file/uploded_video_ball_line/output/\463.png,C:\Users\Ricky\PycharmProjects\server\file/uploded_video_ball_line/output/\464.png,C:\Users\Ricky\PycharmProjects\server\file/uploded_video_ball_line/output/\465.png,C:\Users\Ricky\PycharmProjects\server\file/uploded_video_ball_line/output/\466.png,C:\Users\Ricky\PycharmProjects\server\file/uploded_video_ball_line/output/\467.png,C:\Users\Ricky\PycharmProjects\server\file/uploded_video_ball_line/output/\468.png,C:\Users\Ricky\PycharmProjects\server\file/uploded_video_ball_line/output/\469.png,C:\Users\Ricky\PycharmProjects\server\file/uploded_video_ball_line/output/\470.png,C:\Users\Ricky\PycharmProjects\server\file/uploded_video_ball_line/output/\471.png,,,,1955.768072605133
79,79,C:\Users\Ricky\PycharmProjects\server\file/uploded_video_ball_line/output/\463.png,C:\Users\Ricky\PycharmProjects\server\file/uploded_video_ball_line/output/\464.png,C:\Users\Ricky\PycharmProjects\server\file/uploded_video_ball_line/output/\465.png,C:\Users\Ricky\PycharmProjects\server\file/uploded_video_ball_line/output/\466.png,C:\Users\Ricky\PycharmProjects\server\file/uploded_video_ball_line/output/\467.png,C:\Users\Ricky\PycharmProjects\server\file/uploded_video_ball_line/output/\468.png,C:\Users\Ricky\PycharmProjects\server\file/uploded_video_ball_line/output/\469.png,C:\Users\Ricky\PycharmProjects\server\file/uploded_video_ball_line/output/\470.png,C:\Users\Ricky\PycharmProjects\server\file/uploded_video_ball_line/output/\471.png,C:\Users\Ricky\PycharmProjects\server\file/uploded_video_ball_line/output/\472.png,,,,1522.4286615848541
80,80,C:\Users\Ricky\PycharmProjects\server\file/uploded_video_ball_line/output/\464.png,C:\Users\Ricky\PycharmProjects\server\file/uploded_video_ball_line/output/\465.png,C:\Users\Ricky\PycharmProjects\server\file/uploded_video_ball_line/output/\466.png,C:\Users\Ricky\PycharmProjects\server\file/uploded_video_ball_line/output/\467.png,C:\Users\Ricky\PycharmProjects\server\file/uploded_video_ball_line/output/\468.png,C:\Users\Ricky\PycharmProjects\server\file/uploded_video_ball_line/output/\469.png,C:\Users\Ricky\PycharmProjects\server\file/uploded_video_ball_line/output/\470.png,C:\Users\Ricky\PycharmProjects\server\file/uploded_video_ball_line/output/\471.png,C:\Users\Ricky\PycharmProjects\server\file/uploded_video_ball_line/output/\472.png,C:\Users\Ricky\PycharmProjects\server\file/uploded_video_ball_line/output/\473.png,,,,2354.5846343040466
81,81,C:\Users\Ricky\PycharmProjects\server\file/uploded_video_ball_line/output/\465.png,C:\Users\Ricky\PycharmProjects\server\file/uploded_video_ball_line/output/\466.png,C:\Users\Ricky\PycharmProjects\server\file/uploded_video_ball_line/output/\467.png,C:\Users\Ricky\PycharmProjects\server\file/uploded_video_ball_line/output/\468.png,C:\Users\Ricky\PycharmProjects\server\file/uploded_video_ball_line/output/\469.png,C:\Users\Ricky\PycharmProjects\server\file/uploded_video_ball_line/output/\470.png,C:\Users\Ricky\PycharmProjects\server\file/uploded_video_ball_line/output/\471.png,C:\Users\Ricky\PycharmProjects\server\file/uploded_video_ball_line/output/\472.png,C:\Users\Ricky\PycharmProjects\server\file/uploded_video_ball_line/output/\473.png,C:\Users\Ricky\PycharmProjects\server\file/uploded_video_ball_line/output/\474.png,,,,2120.9980487823486
82,82,C:\Users\Ricky\PycharmProjects\server\file/uploded_video_ball_line/output/\466.png,C:\Users\Ricky\PycharmProjects\server\file/uploded_video_ball_line/output/\467.png,C:\Users\Ricky\PycharmProjects\server\file/uploded_video_ball_line/output/\468.png,C:\Users\Ricky\PycharmProjects\server\file/uploded_video_ball_line/output/\469.png,C:\Users\Ricky\PycharmProjects\server\file/uploded_video_ball_line/output/\470.png,C:\Users\Ricky\PycharmProjects\server\file/uploded_video_ball_line/output/\471.png,C:\Users\Ricky\PycharmProjects\server\file/uploded_video_ball_line/output/\472.png,C:\Users\Ricky\PycharmProjects\server\file/uploded_video_ball_line/output/\473.png,C:\Users\Ricky\PycharmProjects\server\file/uploded_video_ball_line/output/\474.png,C:\Users\Ricky\PycharmProjects\server\file/uploded_video_ball_line/output/\475.png,,,,1299.6738910675049
83,83,C:\Users\Ricky\PycharmProjects\server\file/uploded_video_ball_line/output/\467.png,C:\Users\Ricky\PycharmProjects\server\file/uploded_video_ball_line/output/\468.png,C:\Users\Ricky\PycharmProjects\server\file/uploded_video_ball_line/output/\469.png,C:\Users\Ricky\PycharmProjects\server\file/uploded_video_ball_line/output/\470.png,C:\Users\Ricky\PycharmProjects\server\file/uploded_video_ball_line/output/\471.png,C:\Users\Ricky\PycharmProjects\server\file/uploded_video_ball_line/output/\472.png,C:\Users\Ricky\PycharmProjects\server\file/uploded_video_ball_line/output/\473.png,C:\Users\Ricky\PycharmProjects\server\file/uploded_video_ball_line/output/\474.png,C:\Users\Ricky\PycharmProjects\server\file/uploded_video_ball_line/output/\475.png,C:\Users\Ricky\PycharmProjects\server\file/uploded_video_ball_line/output/\476.png,,,,2420.1391220092773
84,84,C:\Users\Ricky\PycharmProjects\server\file/uploded_video_ball_line/output/\468.png,C:\Users\Ricky\PycharmProjects\server\file/uploded_video_ball_line/output/\469.png,C:\Users\Ricky\PycharmProjects\server\file/uploded_video_ball_line/output/\470.png,C:\Users\Ricky\PycharmProjects\server\file/uploded_video_ball_line/output/\471.png,C:\Users\Ricky\PycharmProjects\server\file/uploded_video_ball_line/output/\472.png,C:\Users\Ricky\PycharmProjects\server\file/uploded_video_ball_line/output/\473.png,C:\Users\Ricky\PycharmProjects\server\file/uploded_video_ball_line/output/\474.png,C:\Users\Ricky\PycharmProjects\server\file/uploded_video_ball_line/output/\475.png,C:\Users\Ricky\PycharmProjects\server\file/uploded_video_ball_line/output/\476.png,C:\Users\Ricky\PycharmProjects\server\file/uploded_video_ball_line/output/\477.png,,,,2476.899230480194
85,85,C:\Users\Ricky\PycharmProjects\server\file/uploded_video_ball_line/output/\469.png,C:\Users\Ricky\PycharmProjects\server\file/uploded_video_ball_line/output/\470.png,C:\Users\Ricky\PycharmProjects\server\file/uploded_video_ball_line/output/\471.png,C:\Users\Ricky\PycharmProjects\server\file/uploded_video_ball_line/output/\472.png,C:\Users\Ricky\PycharmProjects\server\file/uploded_video_ball_line/output/\473.png,C:\Users\Ricky\PycharmProjects\server\file/uploded_video_ball_line/output/\474.png,C:\Users\Ricky\PycharmProjects\server\file/uploded_video_ball_line/output/\475.png,C:\Users\Ricky\PycharmProjects\server\file/uploded_video_ball_line/output/\476.png,C:\Users\Ricky\PycharmProjects\server\file/uploded_video_ball_line/output/\477.png,C:\Users\Ricky\PycharmProjects\server\file/uploded_video_ball_line/output/\478.png,,,,2591.65757894516
86,86,C:\Users\Ricky\PycharmProjects\server\file/uploded_video_ball_line/output/\470.png,C:\Users\Ricky\PycharmProjects\server\file/uploded_video_ball_line/output/\471.png,C:\Users\Ricky\PycharmProjects\server\file/uploded_video_ball_line/output/\472.png,C:\Users\Ricky\PycharmProjects\server\file/uploded_video_ball_line/output/\473.png,C:\Users\Ricky\PycharmProjects\server\file/uploded_video_ball_line/output/\474.png,C:\Users\Ricky\PycharmProjects\server\file/uploded_video_ball_line/output/\475.png,C:\Users\Ricky\PycharmProjects\server\file/uploded_video_ball_line/output/\476.png,C:\Users\Ricky\PycharmProjects\server\file/uploded_video_ball_line/output/\477.png,C:\Users\Ricky\PycharmProjects\server\file/uploded_video_ball_line/output/\478.png,C:\Users\Ricky\PycharmProjects\server\file/uploded_video_ball_line/output/\479.png,,,,2435.920250415802
87,87,C:\Users\Ricky\PycharmProjects\server\file/uploded_video_ball_line/output/\471.png,C:\Users\Ricky\PycharmProjects\server\file/uploded_video_ball_line/output/\472.png,C:\Users\Ricky\PycharmProjects\server\file/uploded_video_ball_line/output/\473.png,C:\Users\Ricky\PycharmProjects\server\file/uploded_video_ball_line/output/\474.png,C:\Users\Ricky\PycharmProjects\server\file/uploded_video_ball_line/output/\475.png,C:\Users\Ricky\PycharmProjects\server\file/uploded_video_ball_line/output/\476.png,C:\Users\Ricky\PycharmProjects\server\file/uploded_video_ball_line/output/\477.png,C:\Users\Ricky\PycharmProjects\server\file/uploded_video_ball_line/output/\478.png,C:\Users\Ricky\PycharmProjects\server\file/uploded_video_ball_line/output/\479.png,C:\Users\Ricky\PycharmProjects\server\file/uploded_video_ball_line/output/\480.png,,,,2372.592878341675
88,88,C:\Users\Ricky\PycharmProjects\server\file/uploded_video_ball_line/output/\472.png,C:\Users\Ricky\PycharmProjects\server\file/uploded_video_ball_line/output/\473.png,C:\Users\Ricky\PycharmProjects\server\file/uploded_video_ball_line/output/\474.png,C:\Users\Ricky\PycharmProjects\server\file/uploded_video_ball_line/output/\475.png,C:\Users\Ricky\PycharmProjects\server\file/uploded_video_ball_line/output/\476.png,C:\Users\Ricky\PycharmProjects\server\file/uploded_video_ball_line/output/\477.png,C:\Users\Ricky\PycharmProjects\server\file/uploded_video_ball_line/output/\478.png,C:\Users\Ricky\PycharmProjects\server\file/uploded_video_ball_line/output/\479.png,C:\Users\Ricky\PycharmProjects\server\file/uploded_video_ball_line/output/\480.png,C:\Users\Ricky\PycharmProjects\server\file/uploded_video_ball_line/output/\481.png,,,,2522.224521636963
89,89,C:\Users\Ricky\PycharmProjects\server\file/uploded_video_ball_line/output/\473.png,C:\Users\Ricky\PycharmProjects\server\file/uploded_video_ball_line/output/\474.png,C:\Users\Ricky\PycharmProjects\server\file/uploded_video_ball_line/output/\475.png,C:\Users\Ricky\PycharmProjects\server\file/uploded_video_ball_line/output/\476.png,C:\Users\Ricky\PycharmProjects\server\file/uploded_video_ball_line/output/\477.png,C:\Users\Ricky\PycharmProjects\server\file/uploded_video_ball_line/output/\478.png,C:\Users\Ricky\PycharmProjects\server\file/uploded_video_ball_line/output/\479.png,C:\Users\Ricky\PycharmProjects\server\file/uploded_video_ball_line/output/\480.png,C:\Users\Ricky\PycharmProjects\server\file/uploded_video_ball_line/output/\481.png,C:\Users\Ricky\PycharmProjects\server\file/uploded_video_ball_line/output/\482.png,,,,2318.5803413391113
90,90,C:\Users\Ricky\PycharmProjects\server\file/uploded_video_ball_line/output/\474.png,C:\Users\Ricky\PycharmProjects\server\file/uploded_video_ball_line/output/\475.png,C:\Users\Ricky\PycharmProjects\server\file/uploded_video_ball_line/output/\476.png,C:\Users\Ricky\PycharmProjects\server\file/uploded_video_ball_line/output/\477.png,C:\Users\Ricky\PycharmProjects\server\file/uploded_video_ball_line/output/\478.png,C:\Users\Ricky\PycharmProjects\server\file/uploded_video_ball_line/output/\479.png,C:\Users\Ricky\PycharmProjects\server\file/uploded_video_ball_line/output/\480.png,C:\Users\Ricky\PycharmProjects\server\file/uploded_video_ball_line/output/\481.png,C:\Users\Ricky\PycharmProjects\server\file/uploded_video_ball_line/output/\482.png,C:\Users\Ricky\PycharmProjects\server\file/uploded_video_ball_line/output/\483.png,,,,2328.4401535987854
91,91,C:\Users\Ricky\PycharmProjects\server\file/uploded_video_ball_line/output/\475.png,C:\Users\Ricky\PycharmProjects\server\file/uploded_video_ball_line/output/\476.png,C:\Users\Ricky\PycharmProjects\server\file/uploded_video_ball_line/output/\477.png,C:\Users\Ricky\PycharmProjects\server\file/uploded_video_ball_line/output/\478.png,C:\Users\Ricky\PycharmProjects\server\file/uploded_video_ball_line/output/\479.png,C:\Users\Ricky\PycharmProjects\server\file/uploded_video_ball_line/output/\480.png,C:\Users\Ricky\PycharmProjects\server\file/uploded_video_ball_line/output/\481.png,C:\Users\Ricky\PycharmProjects\server\file/uploded_video_ball_line/output/\482.png,C:\Users\Ricky\PycharmProjects\server\file/uploded_video_ball_line/output/\483.png,C:\Users\Ricky\PycharmProjects\server\file/uploded_video_ball_line/output/\484.png,,,,2552.916991710663
92,92,C:\Users\Ricky\PycharmProjects\server\file/uploded_video_ball_line/output/\476.png,C:\Users\Ricky\PycharmProjects\server\file/uploded_video_ball_line/output/\477.png,C:\Users\Ricky\PycharmProjects\server\file/uploded_video_ball_line/output/\478.png,C:\Users\Ricky\PycharmProjects\server\file/uploded_video_ball_line/output/\479.png,C:\Users\Ricky\PycharmProjects\server\file/uploded_video_ball_line/output/\480.png,C:\Users\Ricky\PycharmProjects\server\file/uploded_video_ball_line/output/\481.png,C:\Users\Ricky\PycharmProjects\server\file/uploded_video_ball_line/output/\482.png,C:\Users\Ricky\PycharmProjects\server\file/uploded_video_ball_line/output/\483.png,C:\Users\Ricky\PycharmProjects\server\file/uploded_video_ball_line/output/\484.png,C:\Users\Ricky\PycharmProjects\server\file/uploded_video_ball_line/output/\485.png,,,,2531.7217588424683
93,93,C:\Users\Ricky\PycharmProjects\server\file/uploded_video_ball_line/output/\477.png,C:\Users\Ricky\PycharmProjects\server\file/uploded_video_ball_line/output/\478.png,C:\Users\Ricky\PycharmProjects\server\file/uploded_video_ball_line/output/\479.png,C:\Users\Ricky\PycharmProjects\server\file/uploded_video_ball_line/output/\480.png,C:\Users\Ricky\PycharmProjects\server\file/uploded_video_ball_line/output/\481.png,C:\Users\Ricky\PycharmProjects\server\file/uploded_video_ball_line/output/\482.png,C:\Users\Ricky\PycharmProjects\server\file/uploded_video_ball_line/output/\483.png,C:\Users\Ricky\PycharmProjects\server\file/uploded_video_ball_line/output/\484.png,C:\Users\Ricky\PycharmProjects\server\file/uploded_video_ball_line/output/\485.png,C:\Users\Ricky\PycharmProjects\server\file/uploded_video_ball_line/output/\486.png,,,,2422.1059441566467
94,94,C:\Users\Ricky\PycharmProjects\server\file/uploded_video_ball_line/output/\478.png,C:\Users\Ricky\PycharmProjects\server\file/uploded_video_ball_line/output/\479.png,C:\Users\Ricky\PycharmProjects\server\file/uploded_video_ball_line/output/\480.png,C:\Users\Ricky\PycharmProjects\server\file/uploded_video_ball_line/output/\481.png,C:\Users\Ricky\PycharmProjects\server\file/uploded_video_ball_line/output/\482.png,C:\Users\Ricky\PycharmProjects\server\file/uploded_video_ball_line/output/\483.png,C:\Users\Ricky\PycharmProjects\server\file/uploded_video_ball_line/output/\484.png,C:\Users\Ricky\PycharmProjects\server\file/uploded_video_ball_line/output/\485.png,C:\Users\Ricky\PycharmProjects\server\file/uploded_video_ball_line/output/\486.png,C:\Users\Ricky\PycharmProjects\server\file/uploded_video_ball_line/output/\487.png,,,,2531.320893764496
95,95,C:\Users\Ricky\PycharmProjects\server\file/uploded_video_ball_line/output/\479.png,C:\Users\Ricky\PycharmProjects\server\file/uploded_video_ball_line/output/\480.png,C:\Users\Ricky\PycharmProjects\server\file/uploded_video_ball_line/output/\481.png,C:\Users\Ricky\PycharmProjects\server\file/uploded_video_ball_line/output/\482.png,C:\Users\Ricky\PycharmProjects\server\file/uploded_video_ball_line/output/\483.png,C:\Users\Ricky\PycharmProjects\server\file/uploded_video_ball_line/output/\484.png,C:\Users\Ricky\PycharmProjects\server\file/uploded_video_ball_line/output/\485.png,C:\Users\Ricky\PycharmProjects\server\file/uploded_video_ball_line/output/\486.png,C:\Users\Ricky\PycharmProjects\server\file/uploded_video_ball_line/output/\487.png,C:\Users\Ricky\PycharmProjects\server\file/uploded_video_ball_line/output/\488.png,,,,2452.8613567352295
96,96,C:\Users\Ricky\PycharmProjects\server\file/uploded_video_ball_line/output/\480.png,C:\Users\Ricky\PycharmProjects\server\file/uploded_video_ball_line/output/\481.png,C:\Users\Ricky\PycharmProjects\server\file/uploded_video_ball_line/output/\482.png,C:\Users\Ricky\PycharmProjects\server\file/uploded_video_ball_line/output/\483.png,C:\Users\Ricky\PycharmProjects\server\file/uploded_video_ball_line/output/\484.png,C:\Users\Ricky\PycharmProjects\server\file/uploded_video_ball_line/output/\485.png,C:\Users\Ricky\PycharmProjects\server\file/uploded_video_ball_line/output/\486.png,C:\Users\Ricky\PycharmProjects\server\file/uploded_video_ball_line/output/\487.png,C:\Users\Ricky\PycharmProjects\server\file/uploded_video_ball_line/output/\488.png,C:\Users\Ricky\PycharmProjects\server\file/uploded_video_ball_line/output/\489.png,,,,2394.4737911224365
97,97,C:\Users\Ricky\PycharmProjects\server\file/uploded_video_ball_line/output/\481.png,C:\Users\Ricky\PycharmProjects\server\file/uploded_video_ball_line/output/\482.png,C:\Users\Ricky\PycharmProjects\server\file/uploded_video_ball_line/output/\483.png,C:\Users\Ricky\PycharmProjects\server\file/uploded_video_ball_line/output/\484.png,C:\Users\Ricky\PycharmProjects\server\file/uploded_video_ball_line/output/\485.png,C:\Users\Ricky\PycharmProjects\server\file/uploded_video_ball_line/output/\486.png,C:\Users\Ricky\PycharmProjects\server\file/uploded_video_ball_line/output/\487.png,C:\Users\Ricky\PycharmProjects\server\file/uploded_video_ball_line/output/\488.png,C:\Users\Ricky\PycharmProjects\server\file/uploded_video_ball_line/output/\489.png,C:\Users\Ricky\PycharmProjects\server\file/uploded_video_ball_line/output/\490.png,,,,1922.3071157932281
98,98,C:\Users\Ricky\PycharmProjects\server\file/uploded_video_ball_line/output/\482.png,C:\Users\Ricky\PycharmProjects\server\file/uploded_video_ball_line/output/\483.png,C:\Users\Ricky\PycharmProjects\server\file/uploded_video_ball_line/output/\484.png,C:\Users\Ricky\PycharmProjects\server\file/uploded_video_ball_line/output/\485.png,C:\Users\Ricky\PycharmProjects\server\file/uploded_video_ball_line/output/\486.png,C:\Users\Ricky\PycharmProjects\server\file/uploded_video_ball_line/output/\487.png,C:\Users\Ricky\PycharmProjects\server\file/uploded_video_ball_line/output/\488.png,C:\Users\Ricky\PycharmProjects\server\file/uploded_video_ball_line/output/\489.png,C:\Users\Ricky\PycharmProjects\server\file/uploded_video_ball_line/output/\490.png,C:\Users\Ricky\PycharmProjects\server\file/uploded_video_ball_line/output/\491.png,,,,2322.054898738861
99,99,C:\Users\Ricky\PycharmProjects\server\file/uploded_video_ball_line/output/\483.png,C:\Users\Ricky\PycharmProjects\server\file/uploded_video_ball_line/output/\484.png,C:\Users\Ricky\PycharmProjects\server\file/uploded_video_ball_line/output/\485.png,C:\Users\Ricky\PycharmProjects\server\file/uploded_video_ball_line/output/\486.png,C:\Users\Ricky\PycharmProjects\server\file/uploded_video_ball_line/output/\487.png,C:\Users\Ricky\PycharmProjects\server\file/uploded_video_ball_line/output/\488.png,C:\Users\Ricky\PycharmProjects\server\file/uploded_video_ball_line/output/\489.png,C:\Users\Ricky\PycharmProjects\server\file/uploded_video_ball_line/output/\490.png,C:\Users\Ricky\PycharmProjects\server\file/uploded_video_ball_line/output/\491.png,C:\Users\Ricky\PycharmProjects\server\file/uploded_video_ball_line/output/\492.png,,,,1874.3510901927948
100,100,C:\Users\Ricky\PycharmProjects\server\file/uploded_video_ball_line/output/\567.png,C:\Users\Ricky\PycharmProjects\server\file/uploded_video_ball_line/output/\568.png,C:\Users\Ricky\PycharmProjects\server\file/uploded_video_ball_line/output/\569.png,C:\Users\Ricky\PycharmProjects\server\file/uploded_video_ball_line/output/\570.png,C:\Users\Ricky\PycharmProjects\server\file/uploded_video_ball_line/output/\571.png,C:\Users\Ricky\PycharmProjects\server\file/uploded_video_ball_line/output/\572.png,C:\Users\Ricky\PycharmProjects\server\file/uploded_video_ball_line/output/\573.png,C:\Users\Ricky\PycharmProjects\server\file/uploded_video_ball_line/output/\574.png,C:\Users\Ricky\PycharmProjects\server\file/uploded_video_ball_line/output/\575.png,C:\Users\Ricky\PycharmProjects\server\file/uploded_video_ball_line/output/\576.png,,,,2240.554976463318
101,101,C:\Users\Ricky\PycharmProjects\server\file/uploded_video_ball_line/output/\86.png,C:\Users\Ricky\PycharmProjects\server\file/uploded_video_ball_line/output/\87.png,C:\Users\Ricky\PycharmProjects\server\file/uploded_video_ball_line/output/\88.png,C:\Users\Ricky\PycharmProjects\server\file/uploded_video_ball_line/output/\89.png,C:\Users\Ricky\PycharmProjects\server\file/uploded_video_ball_line/output/\90.png,C:\Users\Ricky\PycharmProjects\server\file/uploded_video_ball_line/output/\91.png,C:\Users\Ricky\PycharmProjects\server\file/uploded_video_ball_line/output/\92.png,C:\Users\Ricky\PycharmProjects\server\file/uploded_video_ball_line/output/\93.png,C:\Users\Ricky\PycharmProjects\server\file/uploded_video_ball_line/output/\94.png,C:\Users\Ricky\PycharmProjects\server\file/uploded_video_ball_line/output/\95.png,,,,991.6511796414852
102,102,C:\Users\Ricky\PycharmProjects\server\file/uploded_video_ball_line/output/\87.png,C:\Users\Ricky\PycharmProjects\server\file/uploded_video_ball_line/output/\88.png,C:\Users\Ricky\PycharmProjects\server\file/uploded_video_ball_line/output/\89.png,C:\Users\Ricky\PycharmProjects\server\file/uploded_video_ball_line/output/\90.png,C:\Users\Ricky\PycharmProjects\server\file/uploded_video_ball_line/output/\91.png,C:\Users\Ricky\PycharmProjects\server\file/uploded_video_ball_line/output/\92.png,C:\Users\Ricky\PycharmProjects\server\file/uploded_video_ball_line/output/\93.png,C:\Users\Ricky\PycharmProjects\server\file/uploded_video_ball_line/output/\94.png,C:\Users\Ricky\PycharmProjects\server\file/uploded_video_ball_line/output/\95.png,C:\Users\Ricky\PycharmProjects\server\file/uploded_video_ball_line/output/\96.png,,,,1073.9958673715591
103,103,C:\Users\Ricky\PycharmProjects\server\file/uploded_video_ball_line/output/\88.png,C:\Users\Ricky\PycharmProjects\server\file/uploded_video_ball_line/output/\89.png,C:\Users\Ricky\PycharmProjects\server\file/uploded_video_ball_line/output/\90.png,C:\Users\Ricky\PycharmProjects\server\file/uploded_video_ball_line/output/\91.png,C:\Users\Ricky\PycharmProjects\server\file/uploded_video_ball_line/output/\92.png,C:\Users\Ricky\PycharmProjects\server\file/uploded_video_ball_line/output/\93.png,C:\Users\Ricky\PycharmProjects\server\file/uploded_video_ball_line/output/\94.png,C:\Users\Ricky\PycharmProjects\server\file/uploded_video_ball_line/output/\95.png,C:\Users\Ricky\PycharmProjects\server\file/uploded_video_ball_line/output/\96.png,C:\Users\Ricky\PycharmProjects\server\file/uploded_video_ball_line/output/\97.png,,,,1134.855155646801
104,104,C:\Users\Ricky\PycharmProjects\server\file/uploded_video_ball_line/output/\89.png,C:\Users\Ricky\PycharmProjects\server\file/uploded_video_ball_line/output/\90.png,C:\Users\Ricky\PycharmProjects\server\file/uploded_video_ball_line/output/\91.png,C:\Users\Ricky\PycharmProjects\server\file/uploded_video_ball_line/output/\92.png,C:\Users\Ricky\PycharmProjects\server\file/uploded_video_ball_line/output/\93.png,C:\Users\Ricky\PycharmProjects\server\file/uploded_video_ball_line/output/\94.png,C:\Users\Ricky\PycharmProjects\server\file/uploded_video_ball_line/output/\95.png,C:\Users\Ricky\PycharmProjects\server\file/uploded_video_ball_line/output/\96.png,C:\Users\Ricky\PycharmProjects\server\file/uploded_video_ball_line/output/\97.png,C:\Users\Ricky\PycharmProjects\server\file/uploded_video_ball_line/output/\98.png,,,,1247.973769903183
105,105,C:\Users\Ricky\PycharmProjects\server\file/uploded_video_ball_line/output/\90.png,C:\Users\Ricky\PycharmProjects\server\file/uploded_video_ball_line/output/\91.png,C:\Users\Ricky\PycharmProjects\server\file/uploded_video_ball_line/output/\92.png,C:\Users\Ricky\PycharmProjects\server\file/uploded_video_ball_line/output/\93.png,C:\Users\Ricky\PycharmProjects\server\file/uploded_video_ball_line/output/\94.png,C:\Users\Ricky\PycharmProjects\server\file/uploded_video_ball_line/output/\95.png,C:\Users\Ricky\PycharmProjects\server\file/uploded_video_ball_line/output/\96.png,C:\Users\Ricky\PycharmProjects\server\file/uploded_video_ball_line/output/\97.png,C:\Users\Ricky\PycharmProjects\server\file/uploded_video_ball_line/output/\98.png,C:\Users\Ricky\PycharmProjects\server\file/uploded_video_ball_line/output/\99.png,,,,1147.6641356945038
